storm_id,storm_name,year,t,n_track_points_used,n_failed_lines_cumulative,failed_line_share_cumulative,n_failed_lines_new,n_unserved_buses,unserved_bus_share,affected_population_proxy,affected_population_share_proxy,n_components,n_served_components,n_unserved_components,max_line_hazard_this_step,mean_line_p_fail_this_step,max_line_p_fail_this_step
WP261962,JEAN,1962,0,1,0,0.0,0,0,0.0,0.0,0.0,1,1,0,0.2554429609037742,8.222953159455721e-05,0.004956795454108831
WP261962,JEAN,1962,1,2,0,0.0,0,0,0.0,0.0,0.0,1,1,0,0.2554429609037742,8.915046779610311e-05,0.004956795454108831
WP261962,JEAN,1962,2,3,0,0.0,0,0,0.0,0.0,0.0,1,1,0,0.2554429609037742,9.844064736343272e-05,0.004956795454108831
WP261962,JEAN,1962,3,4,0,0.0,0,0,0.0,0.0,0.0,1,1,0,0.2554429609037742,0.00010204101413894211,0.004956795454108831
WP261962,JEAN,1962,4,5,0,0.0,0,0,0.0,0.0,0.0,1,1,0,0.2554429609037742,0.00010227220570275051,0.004956795454108831
WP261962,JEAN,1962,5,6,0,0.0,0,0,0.0,0.0,0.0,1,1,0,0.2554429609037742,0.00010227220570275051,0.004956795454108831
WP261962,JEAN,1962,6,7,0,0.0,0,0,0.0,0.0,0.0,1,1,0,0.2554429609037742,0.00010227220570275051,0.004956795454108831
