storm_id,storm_name,year,t,n_track_points_used,n_failed_lines_cumulative,failed_line_share_cumulative,n_failed_lines_new,n_unserved_buses,unserved_bus_share,affected_population_proxy,affected_population_share_proxy,n_components,n_served_components,n_unserved_components,max_line_hazard_this_step,mean_line_p_fail_this_step,max_line_p_fail_this_step
WP031984,ALEX,1984,0,1,0,0.0,0,0,0.0,0.0,0.0,1,1,0,0.0,5.017216468376421e-05,5.0172164683764205e-05
WP031984,ALEX,1984,1,2,0,0.0,0,0,0.0,0.0,0.0,1,1,0,0.0,5.017216468376421e-05,5.0172164683764205e-05
WP031984,ALEX,1984,2,3,0,0.0,0,0,0.0,0.0,0.0,1,1,0,0.0,5.017216468376421e-05,5.0172164683764205e-05
WP031984,ALEX,1984,3,4,0,0.0,0,0,0.0,0.0,0.0,1,1,0,0.0,5.017216468376421e-05,5.0172164683764205e-05
WP031984,ALEX,1984,4,5,0,0.0,0,0,0.0,0.0,0.0,1,1,0,0.026818641704962506,5.055989241196496e-05,8.130152741917673e-05
WP031984,ALEX,1984,5,6,0,0.0,0,0,0.0,0.0,0.0,1,1,0,0.03818480795402683,5.0755671049546637e-05,9.975701101350182e-05
WP031984,ALEX,1984,6,7,0,0.0,0,0,0.0,0.0,0.0,1,1,0,0.03818480795402683,5.0755671049546637e-05,9.975701101350182e-05
WP031984,ALEX,1984,7,8,0,0.0,0,0,0.0,0.0,0.0,1,1,0,0.03818480795402683,5.0755671049546637e-05,9.975701101350182e-05
WP031984,ALEX,1984,8,9,0,0.0,0,0,0.0,0.0,0.0,1,1,0,0.03818480795402683,5.0755671049546637e-05,9.975701101350182e-05
