storm_id,storm_name,year,t,n_track_points_used,n_failed_lines_cumulative,failed_line_share_cumulative,n_failed_lines_new,n_unserved_buses,unserved_bus_share,affected_population_proxy,affected_population_share_proxy,n_components,n_served_components,n_unserved_components,max_line_hazard_this_step,mean_line_p_fail_this_step,max_line_p_fail_this_step
WP191954,TILDA,1954,0,1,0,0.0,0,0,0.0,0.0,0.0,1,1,0,0.0,5.017216468376421e-05,5.0172164683764205e-05
WP191954,TILDA,1954,1,2,0,0.0,0,0,0.0,0.0,0.0,1,1,0,0.18153985285726776,9.790608931329514e-05,0.0013154204443142985
WP191954,TILDA,1954,2,3,0,0.0,0,0,0.0,0.0,0.0,1,1,0,0.38223947785582074,0.0007656540485342287,0.046544256408064894
WP191954,TILDA,1954,3,4,0,0.0,0,0,0.0,0.0,0.0,1,1,0,0.38223947785582074,0.0007656540485342287,0.046544256408064894
WP191954,TILDA,1954,4,5,1,0.00423728813559322,1,1,0.005208333333333333,0.0,0.0,2,1,1,0.38223947785582074,0.0007656540485342287,0.046544256408064894
WP191954,TILDA,1954,5,6,2,0.00847457627118644,1,1,0.005208333333333333,0.0,0.0,3,2,1,0.38223947785582074,0.0007656540485342287,0.046544256408064894
