storm_id,storm_name,year,t,n_track_points_used,n_failed_lines_cumulative,failed_line_share_cumulative,n_failed_lines_new,n_unserved_buses,unserved_bus_share,affected_population_proxy,affected_population_share_proxy,n_components,n_served_components,n_unserved_components,max_line_hazard_this_step,mean_line_p_fail_this_step,max_line_p_fail_this_step
WP081951,NORA,1951,0,1,0,0.0,0,0,0.0,0.0,0.0,1,1,0,0.0,5.017216468376421e-05,5.0172164683764205e-05
WP081951,NORA,1951,1,2,0,0.0,0,0,0.0,0.0,0.0,1,1,0,0.0,5.017216468376421e-05,5.0172164683764205e-05
WP081951,NORA,1951,2,3,0,0.0,0,0,0.0,0.0,0.0,1,1,0,0.0,5.017216468376421e-05,5.0172164683764205e-05
WP081951,NORA,1951,3,4,0,0.0,0,0,0.0,0.0,0.0,1,1,0,0.0,5.017216468376421e-05,5.0172164683764205e-05
WP081951,NORA,1951,4,5,0,0.0,0,0,0.0,0.0,0.0,1,1,0,0.11876997188340682,5.471954016665693e-05,0.00042536371275562937
WP081951,NORA,1951,5,6,0,0.0,0,0,0.0,0.0,0.0,1,1,0,0.4398684115645512,0.0016320440959464568,0.12106657102048732
WP081951,NORA,1951,6,7,0,0.0,0,0,0.0,0.0,0.0,1,1,0,0.4398684115645512,0.0016320440959464568,0.12106657102048732
WP081951,NORA,1951,7,8,1,0.00423728813559322,1,0,0.0,0.0,0.0,2,2,0,0.4398684115645512,0.0016320440959464568,0.12106657102048732
