storm_id,storm_name,year,t,n_track_points_used,n_failed_lines_cumulative,failed_line_share_cumulative,n_failed_lines_new,n_unserved_buses,unserved_bus_share,affected_population_proxy,affected_population_share_proxy,n_components,n_served_components,n_unserved_components,max_line_hazard_this_step,mean_line_p_fail_this_step,max_line_p_fail_this_step
WP291989,DAN,1989,0,1,0,0.0,0,0,0.0,0.0,0.0,1,1,0,0.056474424412539095,5.205988282882795e-05,0.00013864428377693974
WP291989,DAN,1989,1,2,0,0.0,0,0,0.0,0.0,0.0,1,1,0,0.32081903555535934,0.00022655856598788947,0.015902363660153074
WP291989,DAN,1989,2,3,0,0.0,0,0,0.0,0.0,0.0,1,1,0,0.34811035782156036,0.0003465202989218955,0.025730433356365375
WP291989,DAN,1989,3,4,0,0.0,0,0,0.0,0.0,0.0,1,1,0,0.38225737915182306,0.0035015110064186518,0.04655855808857445
WP291989,DAN,1989,4,5,0,0.0,0,0,0.0,0.0,0.0,1,1,0,0.38225737915182306,0.0035025156471052057,0.04655855808857445
WP291989,DAN,1989,5,6,1,0.00423728813559322,1,0,0.0,0.0,0.0,1,1,0,0.38225737915182306,0.0035025156471052057,0.04655855808857445
