storm_id,storm_name,year,t,n_track_points_used,n_failed_lines_cumulative,failed_line_share_cumulative,n_failed_lines_new,n_unserved_buses,unserved_bus_share,affected_population_proxy,affected_population_share_proxy,n_components,n_served_components,n_unserved_components,max_line_hazard_this_step,mean_line_p_fail_this_step,max_line_p_fail_this_step
WP321967,FREDA,1967,0,1,0,0.0,0,0,0.0,0.0,0.0,1,1,0,0.23790555914716713,7.803566483585008e-05,0.003619836790694176
WP321967,FREDA,1967,1,2,0,0.0,0,0,0.0,0.0,0.0,1,1,0,0.2644764013871793,0.00020040981937864284,0.005826908311781616
WP321967,FREDA,1967,2,3,0,0.0,0,0,0.0,0.0,0.0,1,1,0,0.2644764013871793,0.00028547492250736,0.005826908311781616
WP321967,FREDA,1967,3,4,0,0.0,0,0,0.0,0.0,0.0,1,1,0,0.2644764013871793,0.00028547492250736,0.005826908311781616
WP321967,FREDA,1967,4,5,0,0.0,0,0,0.0,0.0,0.0,1,1,0,0.2644764013871793,0.00028547492250736,0.005826908311781616
WP321967,FREDA,1967,5,6,0,0.0,0,0,0.0,0.0,0.0,1,1,0,0.2644764013871793,0.00028547492250736,0.005826908311781616
