storm_id,storm_name,year,t,n_track_points_used,n_failed_lines_cumulative,failed_line_share_cumulative,n_unserved_buses,unserved_bus_share,affected_population_proxy,affected_population_share_proxy,n_components,n_served_components,n_unserved_components,max_line_hazard_this_step
WP201952,WILMA,1952,0,1,0,0.0,0,0.0,0.0,0.0,1,1,0,0.0
WP201952,WILMA,1952,1,2,0,0.0,0,0.0,0.0,0.0,1,1,0,0.12868938711450584
WP201952,WILMA,1952,2,3,6,0.025423728813559324,5,0.026041666666666668,5182431.059165284,0.033531238495602154,6,1,5,0.7031684314890475
WP201952,WILMA,1952,3,4,6,0.025423728813559324,5,0.026041666666666668,5182431.059165284,0.033531238495602154,6,1,5,0.7031684314890475
WP201952,WILMA,1952,4,5,6,0.025423728813559324,5,0.026041666666666668,5182431.059165284,0.033531238495602154,6,1,5,0.7031684314890475
WP201952,WILMA,1952,5,6,6,0.025423728813559324,5,0.026041666666666668,5182431.059165284,0.033531238495602154,6,1,5,0.7031684314890475
WP201952,WILMA,1952,6,7,6,0.025423728813559324,5,0.026041666666666668,5182431.059165284,0.033531238495602154,6,1,5,0.7031684314890475
WP201952,WILMA,1952,7,8,6,0.025423728813559324,5,0.026041666666666668,5182431.059165284,0.033531238495602154,6,1,5,0.7031684314890475
