storm_id,storm_name,year,t,n_track_points_used,n_failed_lines_cumulative,failed_line_share_cumulative,n_failed_lines_new,n_unserved_buses,unserved_bus_share,affected_population_proxy,affected_population_share_proxy,n_components,n_served_components,n_unserved_components,max_line_hazard_this_step,mean_line_p_fail_this_step,max_line_p_fail_this_step
WP282021,RAI,2021,0,1,0,0.0,0,0,0.0,0.0,0.0,1,1,0,0.0,5.017216468376421e-05,5.0172164683764205e-05
WP282021,RAI,2021,1,2,0,0.0,0,0,0.0,0.0,0.0,1,1,0,0.4155919322543094,0.00043259572622680165,0.0817093721260984
WP282021,RAI,2021,2,3,7,0.029661016949152543,7,5,0.026041666666666668,4346524.257536411,0.028122774783201458,7,2,5,0.7056886424067456,0.042663383742779726,0.9428051386323337
WP282021,RAI,2021,3,4,10,0.0423728813559322,3,7,0.036458333333333336,6449325.720634937,0.041728269301716976,9,2,7,0.7056886424067456,0.04609898633280771,0.9428051386323337
WP282021,RAI,2021,4,5,11,0.046610169491525424,1,7,0.036458333333333336,6449325.720634937,0.041728269301716976,10,3,7,0.7056886424067456,0.04609898633280771,0.9428051386323337
WP282021,RAI,2021,5,6,14,0.059322033898305086,3,10,0.052083333333333336,8256218.980922937,0.053419185814665565,13,3,10,0.7056886424067456,0.04609898633280771,0.9428051386323337
WP282021,RAI,2021,6,7,15,0.0635593220338983,1,10,0.052083333333333336,8256218.980922937,0.053419185814665565,13,3,10,0.7056886424067456,0.04609898633280771,0.9428051386323337
WP282021,RAI,2021,7,8,16,0.06779661016949153,1,11,0.057291666666666664,9437432.913905382,0.06106184727006793,14,3,11,0.7056886424067456,0.04609898633280771,0.9428051386323337
WP282021,RAI,2021,8,9,17,0.07203389830508475,1,11,0.057291666666666664,9437432.913905382,0.06106184727006793,14,3,11,0.7056886424067456,0.04609898633280771,0.9428051386323337
