storm_id,storm_name,year,t,n_track_points_used,n_failed_lines_cumulative,failed_line_share_cumulative,n_failed_lines_new,n_unserved_buses,unserved_bus_share,affected_population_proxy,affected_population_share_proxy,n_components,n_served_components,n_unserved_components,max_line_hazard_this_step,mean_line_p_fail_this_step,max_line_p_fail_this_step
WP231970,PATSY,1970,0,1,0,0.0,0,0,0.0,0.0,0.0,1,1,0,0.0,5.017216468376421e-05,5.0172164683764205e-05
WP231970,PATSY,1970,1,2,0,0.0,0,0,0.0,0.0,0.0,1,1,0,0.0,5.017216468376421e-05,5.0172164683764205e-05
WP231970,PATSY,1970,2,3,0,0.0,0,0,0.0,0.0,0.0,1,1,0,0.1440087954515181,6.979261876348118e-05,0.0006698131805384032
WP231970,PATSY,1970,3,4,0,0.0,0,0,0.0,0.0,0.0,1,1,0,0.262934302003605,0.00019807861999958208,0.005668294589944814
WP231970,PATSY,1970,4,5,5,0.0211864406779661,5,1,0.005208333333333333,108820.66070079803,0.0007040887733092534,2,1,1,0.49972628289980264,0.02790706230416219,0.2880390695591116
WP231970,PATSY,1970,5,6,12,0.05084745762711865,7,3,0.015625,4431218.490869522,0.028670761337132027,6,3,3,0.49972628289980264,0.02790706230416219,0.2880390695591116
WP231970,PATSY,1970,6,7,15,0.0635593220338983,3,3,0.015625,4431218.490869522,0.028670761337132027,6,3,3,0.49972628289980264,0.02790706230416219,0.2880390695591116
WP231970,PATSY,1970,7,8,18,0.07627118644067797,3,4,0.020833333333333332,4809810.117890358,0.031120315608697845,8,4,4,0.49972628289980264,0.02790706230416219,0.2880390695591116
