storm_id,storm_name,year,t,n_track_points_used,n_failed_lines_cumulative,failed_line_share_cumulative,n_failed_lines_new,n_unserved_buses,unserved_bus_share,affected_population_proxy,affected_population_share_proxy,n_components,n_served_components,n_unserved_components,max_line_hazard_this_step,mean_line_p_fail_this_step,max_line_p_fail_this_step
WP101956,CHARLOTTE,1956,0,1,0,0.0,0,0,0.0,0.0,0.0,1,1,0,0.0,5.017216468376421e-05,5.0172164683764205e-05
WP101956,CHARLOTTE,1956,1,2,0,0.0,0,0,0.0,0.0,0.0,1,1,0,0.0,5.017216468376421e-05,5.0172164683764205e-05
WP101956,CHARLOTTE,1956,2,3,0,0.0,0,0,0.0,0.0,0.0,1,1,0,0.04563140440291839,5.071362291824237e-05,0.00011406423635218625
WP101956,CHARLOTTE,1956,3,4,0,0.0,0,0,0.0,0.0,0.0,1,1,0,0.3281658438358711,0.00020834190307425377,0.018110003608636197
WP101956,CHARLOTTE,1956,4,5,0,0.0,0,0,0.0,0.0,0.0,1,1,0,0.3281658438358711,0.000481286745571449,0.018110003608636197
WP101956,CHARLOTTE,1956,5,6,0,0.0,0,0,0.0,0.0,0.0,1,1,0,0.3281658438358711,0.00048346446140959924,0.018110003608636197
WP101956,CHARLOTTE,1956,6,7,0,0.0,0,0,0.0,0.0,0.0,1,1,0,0.3281658438358711,0.00048346446140959924,0.018110003608636197
