storm_id,storm_name,year,t,n_track_points_used,n_failed_lines_cumulative,failed_line_share_cumulative,n_failed_lines_new,n_unserved_buses,unserved_bus_share,affected_population_proxy,affected_population_share_proxy,n_components,n_served_components,n_unserved_components,max_line_hazard_this_step,mean_line_p_fail_this_step,max_line_p_fail_this_step
WP241998,FAITH,1998,0,1,0,0.0,0,0,0.0,0.0,0.0,1,1,0,0.0,5.017216468376421e-05,5.0172164683764205e-05
WP241998,FAITH,1998,1,2,0,0.0,0,0,0.0,0.0,0.0,1,1,0,0.257870488641788,0.00012517995339718068,0.00517704063275184
WP241998,FAITH,1998,2,3,0,0.0,0,0,0.0,0.0,0.0,1,1,0,0.2592040095838076,0.00015807650120549738,0.005302143652865316
WP241998,FAITH,1998,3,4,0,0.0,0,0,0.0,0.0,0.0,1,1,0,0.289180253492311,0.00019960135036619202,0.009060264227485307
WP241998,FAITH,1998,4,5,0,0.0,0,0,0.0,0.0,0.0,1,1,0,0.289180253492311,0.00019960135036619202,0.009060264227485307
WP241998,FAITH,1998,5,6,1,0.00423728813559322,1,0,0.0,0.0,0.0,1,1,0,0.289180253492311,0.00019960135036619202,0.009060264227485307
WP241998,FAITH,1998,6,7,1,0.00423728813559322,0,0,0.0,0.0,0.0,1,1,0,0.289180253492311,0.00019960135036619202,0.009060264227485307
