storm_id,storm_name,year,t,n_track_points_used,n_failed_lines_cumulative,failed_line_share_cumulative,n_failed_lines_new,n_unserved_buses,unserved_bus_share,affected_population_proxy,affected_population_share_proxy,n_components,n_served_components,n_unserved_components,max_line_hazard_this_step,mean_line_p_fail_this_step,max_line_p_fail_this_step
WP131947,MILDRED,1947,0,1,0,0.0,0,0,0.0,0.0,0.0,1,1,0,0.0,5.017216468376421e-05,5.0172164683764205e-05
WP131947,MILDRED,1947,1,2,0,0.0,0,0,0.0,0.0,0.0,1,1,0,0.0,5.017216468376421e-05,5.0172164683764205e-05
WP131947,MILDRED,1947,2,3,0,0.0,0,0,0.0,0.0,0.0,1,1,0,0.055059382018966936,5.2759489564155315e-05,0.00013515797333851534
WP131947,MILDRED,1947,3,4,0,0.0,0,0,0.0,0.0,0.0,1,1,0,0.0565915890465861,6.287542693093307e-05,0.00013893694737419202
WP131947,MILDRED,1947,4,5,0,0.0,0,0,0.0,0.0,0.0,1,1,0,0.3364823727733721,0.00021518006904712038,0.020973123918543633
WP131947,MILDRED,1947,5,6,0,0.0,0,0,0.0,0.0,0.0,1,1,0,0.3364823727733721,0.000286443555553603,0.020973123918543633
WP131947,MILDRED,1947,6,7,0,0.0,0,0,0.0,0.0,0.0,1,1,0,0.3364823727733721,0.000286443555553603,0.020973123918543633
WP131947,MILDRED,1947,7,8,0,0.0,0,0,0.0,0.0,0.0,1,1,0,0.3364823727733721,0.000286443555553603,0.020973123918543633
