storm_id,storm_name,year,t,n_track_points_used,n_failed_lines_cumulative,failed_line_share_cumulative,n_unserved_buses,unserved_bus_share,affected_population_proxy,affected_population_share_proxy,n_components,n_served_components,n_unserved_components,max_line_hazard_this_step
WP061972,ORA,1972,0,1,0,0.0,0,0.0,0.0,0.0,1,1,0,0.0
WP061972,ORA,1972,1,2,0,0.0,0,0.0,0.0,0.0,1,1,0,0.0723047262302306
WP061972,ORA,1972,2,3,0,0.0,0,0.0,0.0,0.0,1,1,0,0.14166021024522613
WP061972,ORA,1972,3,4,0,0.0,0,0.0,0.0,0.0,1,1,0,0.3818086865808876
WP061972,ORA,1972,4,5,0,0.0,0,0.0,0.0,0.0,1,1,0,0.3818086865808876
WP061972,ORA,1972,5,6,0,0.0,0,0.0,0.0,0.0,1,1,0,0.3818086865808876
WP061972,ORA,1972,6,7,0,0.0,0,0.0,0.0,0.0,1,1,0,0.3818086865808876
WP061972,ORA,1972,7,8,0,0.0,0,0.0,0.0,0.0,1,1,0,0.3818086865808876
