storm_id,storm_name,year,t,n_track_points_used,n_failed_lines_cumulative,failed_line_share_cumulative,n_failed_lines_new,n_unserved_buses,unserved_bus_share,affected_population_proxy,affected_population_share_proxy,n_components,n_served_components,n_unserved_components,max_line_hazard_this_step,mean_line_p_fail_this_step,max_line_p_fail_this_step
WP271984,AGNES,1984,0,1,0,0.0,0,0,0.0,0.0,0.0,1,1,0,0.0,5.017216468376421e-05,5.0172164683764205e-05
WP271984,AGNES,1984,1,2,0,0.0,0,0,0.0,0.0,0.0,1,1,0,0.19822177138189048,0.00010070266095817042,0.0017753015300964623
WP271984,AGNES,1984,2,3,2,0.00847457627118644,2,1,0.005208333333333333,827468.4205751419,0.005353865906004598,3,2,1,0.5858639871786657,0.0061394458648215315,0.6560073651040872
WP271984,AGNES,1984,3,4,3,0.012711864406779662,1,2,0.010416666666666666,827468.4205751419,0.005353865906004598,4,2,2,0.5858639871786657,0.0073949666920967855,0.6560073651040872
WP271984,AGNES,1984,4,5,3,0.012711864406779662,0,2,0.010416666666666666,827468.4205751419,0.005353865906004598,4,2,2,0.5858639871786657,0.0073949666920967855,0.6560073651040872
WP271984,AGNES,1984,5,6,4,0.01694915254237288,1,7,0.036458333333333336,6009899.479740426,0.03888510440160675,5,2,3,0.5858639871786657,0.0073949666920967855,0.6560073651040872
WP271984,AGNES,1984,6,7,6,0.025423728813559324,2,10,0.052083333333333336,13161679.108227178,0.08515837377133056,7,2,5,0.5858639871786657,0.0073949666920967855,0.6560073651040872
