storm_id,storm_name,year,t,n_track_points_used,n_failed_lines_cumulative,failed_line_share_cumulative,n_failed_lines_new,n_unserved_buses,unserved_bus_share,affected_population_proxy,affected_population_share_proxy,n_components,n_served_components,n_unserved_components,max_line_hazard_this_step,mean_line_p_fail_this_step,max_line_p_fail_this_step
WP121974,IVY,1974,0,1,0,0.0,0,0,0.0,0.0,0.0,1,1,0,0.0,5.017216468376421e-05,5.0172164683764205e-05
WP121974,IVY,1974,1,2,0,0.0,0,0,0.0,0.0,0.0,1,1,0,0.0,5.017216468376421e-05,5.0172164683764205e-05
WP121974,IVY,1974,2,3,0,0.0,0,0,0.0,0.0,0.0,1,1,0,0.0,5.017216468376421e-05,5.0172164683764205e-05
WP121974,IVY,1974,3,4,0,0.0,0,0,0.0,0.0,0.0,1,1,0,0.0849039723987227,5.458266412897505e-05,0.00023126188565770838
WP121974,IVY,1974,4,5,0,0.0,0,0,0.0,0.0,0.0,1,1,0,0.13986304147928977,0.000115207715088877,0.0006216787203649175
WP121974,IVY,1974,5,6,0,0.0,0,0,0.0,0.0,0.0,1,1,0,0.3814567896421619,0.0018735612711950243,0.04592302250513149
WP121974,IVY,1974,6,7,1,0.00423728813559322,1,0,0.0,0.0,0.0,2,2,0,0.3814567896421619,0.0018739536559046063,0.04592302250513149
WP121974,IVY,1974,7,8,1,0.00423728813559322,0,0,0.0,0.0,0.0,2,2,0,0.3814567896421619,0.0018739536559046063,0.04592302250513149
WP121974,IVY,1974,8,9,1,0.00423728813559322,0,0,0.0,0.0,0.0,2,2,0,0.3814567896421619,0.0018739536559046063,0.04592302250513149
