storm_id,storm_name,year,t,n_track_points_used,n_failed_lines_cumulative,failed_line_share_cumulative,n_failed_lines_new,n_unserved_buses,unserved_bus_share,affected_population_proxy,affected_population_share_proxy,n_components,n_served_components,n_unserved_components,max_line_hazard_this_step,mean_line_p_fail_this_step,max_line_p_fail_this_step
WP271990,MIKE,1990,0,1,0,0.0,0,0,0.0,0.0,0.0,1,1,0,0.0,5.017216468376421e-05,5.0172164683764205e-05
WP271990,MIKE,1990,1,2,0,0.0,0,0,0.0,0.0,0.0,1,1,0,0.1917988213874894,6.796391194487897e-05,0.0015817803733767651
WP271990,MIKE,1990,2,3,3,0.012711864406779662,3,4,0.020833333333333332,3345235.9369101524,0.021644263617596537,4,1,3,0.7043133810782571,0.012201899224042433,0.9414555510524883
WP271990,MIKE,1990,3,4,6,0.025423728813559324,3,4,0.020833333333333332,3345235.9369101524,0.021644263617596537,6,2,4,0.7043133810782571,0.029251142782699927,0.9414555510524883
WP271990,MIKE,1990,4,5,9,0.038135593220338986,3,14,0.07291666666666667,14616483.161830187,0.09457121132359475,9,3,6,0.7043133810782571,0.029251142782699927,0.9414555510524883
WP271990,MIKE,1990,5,6,11,0.046610169491525424,2,15,0.078125,15842940.962872267,0.10250660854587011,11,3,8,0.7043133810782571,0.029251142782699927,0.9414555510524883
WP271990,MIKE,1990,6,7,13,0.05508474576271186,2,16,0.08333333333333333,15842940.962872267,0.10250660854587011,13,3,10,0.7043133810782571,0.029251142782699927,0.9414555510524883
WP271990,MIKE,1990,7,8,13,0.05508474576271186,0,16,0.08333333333333333,15842940.962872267,0.10250660854587011,13,3,10,0.7043133810782571,0.029251142782699927,0.9414555510524883
