storm_id,storm_name,year,t,n_track_points_used,n_failed_lines_cumulative,failed_line_share_cumulative,n_failed_lines_new,n_unserved_buses,unserved_bus_share,affected_population_proxy,affected_population_share_proxy,n_components,n_served_components,n_unserved_components,max_line_hazard_this_step,mean_line_p_fail_this_step,max_line_p_fail_this_step
WP232009,MIRINAE,2009,0,1,0,0.0,0,0,0.0,0.0,0.0,1,1,0,0.0,5.017216468376421e-05,5.0172164683764205e-05
WP232009,MIRINAE,2009,1,2,0,0.0,0,0,0.0,0.0,0.0,1,1,0,0.0,5.017216468376421e-05,5.0172164683764205e-05
WP232009,MIRINAE,2009,2,3,0,0.0,0,0,0.0,0.0,0.0,1,1,0,0.05915863765079887,5.2874007293096664e-05,0.00014550646500180968
WP232009,MIRINAE,2009,3,4,0,0.0,0,0,0.0,0.0,0.0,1,1,0,0.20065299225802632,7.725852364844071e-05,0.0018545699713521872
WP232009,MIRINAE,2009,4,5,2,0.00847457627118644,2,0,0.0,0.0,0.0,1,1,0,0.3230594674786838,0.000996942820576956,0.016545949537449853
WP232009,MIRINAE,2009,5,6,3,0.012711864406779662,1,0,0.0,0.0,0.0,2,2,0,0.3230594674786838,0.0011736369632212894,0.016545949537449853
WP232009,MIRINAE,2009,6,7,3,0.012711864406779662,0,0,0.0,0.0,0.0,2,2,0,0.3230594674786838,0.0011736369632212894,0.016545949537449853
WP232009,MIRINAE,2009,7,8,3,0.012711864406779662,0,0,0.0,0.0,0.0,2,2,0,0.3230594674786838,0.0011736369632212894,0.016545949537449853
WP232009,MIRINAE,2009,8,9,3,0.012711864406779662,0,0,0.0,0.0,0.0,2,2,0,0.3230594674786838,0.0011736369632212894,0.016545949537449853
