storm_id,storm_name,year,t,n_track_points_used,n_failed_lines_cumulative,failed_line_share_cumulative,n_failed_lines_new,n_unserved_buses,unserved_bus_share,affected_population_proxy,affected_population_share_proxy,n_components,n_served_components,n_unserved_components,max_line_hazard_this_step,mean_line_p_fail_this_step,max_line_p_fail_this_step
WP011955,VIOLET,1955,0,1,0,0.0,0,0,0.0,0.0,0.0,1,1,0,0.040397121769825545,5.039944040511412e-05,0.00010380923492234142
WP011955,VIOLET,1955,1,2,0,0.0,0,0,0.0,0.0,0.0,1,1,0,0.1349526244330562,5.798221631325583e-05,0.0005691184116669027
WP011955,VIOLET,1955,2,3,0,0.0,0,0,0.0,0.0,0.0,1,1,0,0.3523606840724435,0.00033078232807623085,0.027719514007558513
WP011955,VIOLET,1955,3,4,0,0.0,0,0,0.0,0.0,0.0,1,1,0,0.3523606840724435,0.0006081358240703909,0.027719514007558513
WP011955,VIOLET,1955,4,5,0,0.0,0,0,0.0,0.0,0.0,1,1,0,0.35290533039807614,0.0021946679356886828,0.02798496004765678
WP011955,VIOLET,1955,5,6,0,0.0,0,0,0.0,0.0,0.0,1,1,0,0.35290533039807614,0.0021968704320219465,0.02798496004765678
WP011955,VIOLET,1955,6,7,0,0.0,0,0,0.0,0.0,0.0,1,1,0,0.35290533039807614,0.0021968704320219465,0.02798496004765678
WP011955,VIOLET,1955,7,8,1,0.00423728813559322,1,1,0.005208333333333333,1275062.592458248,0.008249878753124135,2,1,1,0.35290533039807614,0.0021968704320219465,0.02798496004765678
WP011955,VIOLET,1955,8,9,1,0.00423728813559322,0,1,0.005208333333333333,1275062.592458248,0.008249878753124135,2,1,1,0.35290533039807614,0.0021968704320219465,0.02798496004765678
