storm_id,storm_name,year,t,n_track_points_used,n_failed_lines_cumulative,failed_line_share_cumulative,n_failed_lines_new,n_unserved_buses,unserved_bus_share,affected_population_proxy,affected_population_share_proxy,n_components,n_served_components,n_unserved_components,max_line_hazard_this_step,mean_line_p_fail_this_step,max_line_p_fail_this_step
WP081964,ELSIE,1964,0,1,0,0.0,0,0,0.0,0.0,0.0,1,1,0,0.0,5.017216468376421e-05,5.0172164683764205e-05
WP081964,ELSIE,1964,1,2,0,0.0,0,0,0.0,0.0,0.0,1,1,0,0.0,5.017216468376421e-05,5.0172164683764205e-05
WP081964,ELSIE,1964,2,3,0,0.0,0,0,0.0,0.0,0.0,1,1,0,0.08374728809156427,5.633915754384401e-05,0.0002264977973520014
WP081964,ELSIE,1964,3,4,0,0.0,0,0,0.0,0.0,0.0,1,1,0,0.11081408337064103,5.8675417602969217e-05,0.0003686307110880651
WP081964,ELSIE,1964,4,5,0,0.0,0,0,0.0,0.0,0.0,1,1,0,0.15652201772328625,0.0001447198389178228,0.0008388799799696595
WP081964,ELSIE,1964,5,6,0,0.0,0,0,0.0,0.0,0.0,1,1,0,0.23429653625407604,0.00025263738300103795,0.0033929312769471953
WP081964,ELSIE,1964,6,7,0,0.0,0,0,0.0,0.0,0.0,1,1,0,0.23429653625407604,0.00025263738300103795,0.0033929312769471953
WP081964,ELSIE,1964,7,8,0,0.0,0,0,0.0,0.0,0.0,1,1,0,0.23429653625407604,0.00025263738300103795,0.0033929312769471953
WP081964,ELSIE,1964,8,9,0,0.0,0,0,0.0,0.0,0.0,1,1,0,0.23429653625407604,0.00025263738300103795,0.0033929312769471953
