storm_id,storm_name,year,t,n_track_points_used,n_failed_lines_cumulative,failed_line_share_cumulative,n_failed_lines_new,n_unserved_buses,unserved_bus_share,affected_population_proxy,affected_population_share_proxy,n_components,n_served_components,n_unserved_components,max_line_hazard_this_step,mean_line_p_fail_this_step,max_line_p_fail_this_step
WP161949,OMELIA,1949,0,1,0,0.0,0,0,0.0,0.0,0.0,1,1,0,0.0,5.017216468376421e-05,5.0172164683764205e-05
WP161949,OMELIA,1949,1,2,0,0.0,0,0,0.0,0.0,0.0,1,1,0,0.0,5.017216468376421e-05,5.0172164683764205e-05
WP161949,OMELIA,1949,2,3,0,0.0,0,0,0.0,0.0,0.0,1,1,0,0.0,5.017216468376421e-05,5.0172164683764205e-05
WP161949,OMELIA,1949,3,4,0,0.0,0,0,0.0,0.0,0.0,1,1,0,0.0,5.017216468376421e-05,5.0172164683764205e-05
WP161949,OMELIA,1949,4,5,0,0.0,0,0,0.0,0.0,0.0,1,1,0,0.04016230034732324,5.062300588824142e-05,0.00010337142681207374
WP161949,OMELIA,1949,5,6,0,0.0,0,0,0.0,0.0,0.0,1,1,0,0.0627847011643626,5.132528457893139e-05,0.0001553188107481048
WP161949,OMELIA,1949,6,7,0,0.0,0,0,0.0,0.0,0.0,1,1,0,0.06440689990733371,5.272776014419356e-05,0.00015992018121094458
WP161949,OMELIA,1949,7,8,0,0.0,0,0,0.0,0.0,0.0,1,1,0,0.06440689990733371,5.272776014419356e-05,0.00015992018121094458
WP161949,OMELIA,1949,8,9,0,0.0,0,0,0.0,0.0,0.0,1,1,0,0.06440689990733371,5.272776014419356e-05,0.00015992018121094458
