storm_id,storm_name,year,t,n_track_points_used,n_failed_lines_cumulative,failed_line_share_cumulative,n_failed_lines_new,n_unserved_buses,unserved_bus_share,affected_population_proxy,affected_population_share_proxy,n_components,n_served_components,n_unserved_components,max_line_hazard_this_step,mean_line_p_fail_this_step,max_line_p_fail_this_step
WP101952,MARY,1952,0,1,0,0.0,0,0,0.0,0.0,0.0,1,1,0,0.0,5.017216468376421e-05,5.0172164683764205e-05
WP101952,MARY,1952,1,2,0,0.0,0,0,0.0,0.0,0.0,1,1,0,0.0,5.017216468376421e-05,5.0172164683764205e-05
WP101952,MARY,1952,2,3,0,0.0,0,0,0.0,0.0,0.0,1,1,0,0.037045147735977696,5.117978094638879e-05,9.773165227964436e-05
WP101952,MARY,1952,3,4,0,0.0,0,0,0.0,0.0,0.0,1,1,0,0.04408688161400423,5.233680074290117e-05,0.00011093711217210457
WP101952,MARY,1952,4,5,0,0.0,0,0,0.0,0.0,0.0,1,1,0,0.09624027697369474,5.4560891255540465e-05,0.000283596345062387
WP101952,MARY,1952,5,6,0,0.0,0,0,0.0,0.0,0.0,1,1,0,0.09624027697369474,5.6627624248842e-05,0.000283596345062387
WP101952,MARY,1952,6,7,0,0.0,0,0,0.0,0.0,0.0,1,1,0,0.09624027697369474,5.6627624248842e-05,0.000283596345062387
WP101952,MARY,1952,7,8,0,0.0,0,0,0.0,0.0,0.0,1,1,0,0.09624027697369474,5.6627624248842e-05,0.000283596345062387
