storm_id,storm_name,year,t,n_track_points_used,n_failed_lines_cumulative,failed_line_share_cumulative,n_unserved_buses,unserved_bus_share,affected_population_proxy,affected_population_share_proxy,n_components,max_line_hazard_this_step
WP231970,PATSY,1970,0,1,0,0.0,0,0.0,0.0,0.0,1,0.0
WP231970,PATSY,1970,1,2,0,0.0,0,0.0,0.0,0.0,1,0.0
WP231970,PATSY,1970,2,3,0,0.0,0,0.0,0.0,0.0,1,0.1440087954515181
WP231970,PATSY,1970,3,4,0,0.0,0,0.0,0.0,0.0,1,0.262934302003605
WP231970,PATSY,1970,4,5,0,0.0,0,0.0,0.0,0.0,1,0.49972628289980264
WP231970,PATSY,1970,5,6,0,0.0,0,0.0,0.0,0.0,1,0.49972628289980264
WP231970,PATSY,1970,6,7,0,0.0,0,0.0,0.0,0.0,1,0.49972628289980264
WP231970,PATSY,1970,7,8,0,0.0,0,0.0,0.0,0.0,1,0.49972628289980264
