storm_id,storm_name,year,t,n_track_points_used,n_failed_lines_cumulative,failed_line_share_cumulative,n_failed_lines_new,n_unserved_buses,unserved_bus_share,affected_population_proxy,affected_population_share_proxy,n_components,n_served_components,n_unserved_components,max_line_hazard_this_step,mean_line_p_fail_this_step,max_line_p_fail_this_step
WP081971,DINAH,1971,0,1,0,0.0,0,0,0.0,0.0,0.0,1,1,0,0.0,5.017216468376421e-05,5.0172164683764205e-05
WP081971,DINAH,1971,1,2,0,0.0,0,0,0.0,0.0,0.0,1,1,0,0.0707441596859695,5.299289792426701e-05,0.00017924008715389467
WP081971,DINAH,1971,2,3,0,0.0,0,0,0.0,0.0,0.0,1,1,0,0.1754939291959677,7.054419866048999e-05,0.001179942095583614
WP081971,DINAH,1971,3,4,0,0.0,0,0,0.0,0.0,0.0,1,1,0,0.46945920029562627,0.0047971892965369385,0.19004244629786918
WP081971,DINAH,1971,4,5,1,0.00423728813559322,1,0,0.0,0.0,0.0,1,1,0,0.46945920029562627,0.006059409177810553,0.19004244629786918
WP081971,DINAH,1971,5,6,2,0.00847457627118644,1,0,0.0,0.0,0.0,1,1,0,0.46945920029562627,0.007236861309734856,0.19004244629786918
WP081971,DINAH,1971,6,7,5,0.0211864406779661,3,1,0.005208333333333333,2002189.3104424477,0.012954516232890182,3,2,1,0.46945920029562627,0.007237094032770588,0.19004244629786918
WP081971,DINAH,1971,7,8,6,0.025423728813559324,1,1,0.005208333333333333,2002189.3104424477,0.012954516232890182,4,3,1,0.46945920029562627,0.007237094032770588,0.19004244629786918
WP081971,DINAH,1971,8,9,8,0.03389830508474576,2,4,0.020833333333333332,6590938.75709343,0.04264453050140593,6,4,2,0.46945920029562627,0.007237094032770588,0.19004244629786918
