storm_id,storm_name,year,t,n_track_points_used,n_failed_lines_cumulative,failed_line_share_cumulative,n_failed_lines_new,n_unserved_buses,unserved_bus_share,affected_population_proxy,affected_population_share_proxy,n_components,n_served_components,n_unserved_components,max_line_hazard_this_step,mean_line_p_fail_this_step,max_line_p_fail_this_step
WP241988,SKIP,1988,0,1,0,0.0,0,0,0.0,0.0,0.0,1,1,0,0.0,5.017216468376421e-05,5.0172164683764205e-05
WP241988,SKIP,1988,1,2,0,0.0,0,0,0.0,0.0,0.0,1,1,0,0.12335990574745931,7.162125697926637e-05,0.00046198238945033016
WP241988,SKIP,1988,2,3,7,0.029661016949152543,7,10,0.052083333333333336,9355135.416650578,0.060529368019203285,7,4,3,0.616521437475752,0.028201294570045166,0.7680594187154444
WP241988,SKIP,1988,3,4,9,0.038135593220338986,2,12,0.0625,10733532.38601236,0.06944783832659789,9,4,5,0.616521437475752,0.02822087322527972,0.7680594187154444
WP241988,SKIP,1988,4,5,10,0.0423728813559322,1,12,0.0625,10733532.38601236,0.06944783832659789,10,4,6,0.616521437475752,0.02825158962673595,0.7680594187154444
WP241988,SKIP,1988,5,6,10,0.0423728813559322,0,12,0.0625,10733532.38601236,0.06944783832659789,10,4,6,0.616521437475752,0.02825158962673595,0.7680594187154444
WP241988,SKIP,1988,6,7,10,0.0423728813559322,0,12,0.0625,10733532.38601236,0.06944783832659789,10,4,6,0.616521437475752,0.02825158962673595,0.7680594187154444
WP241988,SKIP,1988,7,8,10,0.0423728813559322,0,12,0.0625,10733532.38601236,0.06944783832659789,10,4,6,0.616521437475752,0.02825158962673595,0.7680594187154444
