storm_id,storm_name,year,t,n_track_points_used,n_failed_lines_cumulative,failed_line_share_cumulative,n_failed_lines_new,n_unserved_buses,unserved_bus_share,affected_population_proxy,affected_population_share_proxy,n_components,n_served_components,n_unserved_components,max_line_hazard_this_step,mean_line_p_fail_this_step,max_line_p_fail_this_step
WP131954,NANCY,1954,0,1,0,0.0,0,0,0.0,0.0,0.0,1,1,0,0.0,5.017216468376421e-05,5.0172164683764205e-05
WP131954,NANCY,1954,1,2,0,0.0,0,0,0.0,0.0,0.0,1,1,0,0.0,5.017216468376421e-05,5.0172164683764205e-05
WP131954,NANCY,1954,2,3,0,0.0,0,0,0.0,0.0,0.0,1,1,0,0.0,5.017216468376421e-05,5.0172164683764205e-05
WP131954,NANCY,1954,3,4,0,0.0,0,0,0.0,0.0,0.0,1,1,0,0.0974116493370985,5.3914352969390836e-05,0.00028963762320512724
WP131954,NANCY,1954,4,5,1,0.00423728813559322,1,0,0.0,0.0,0.0,1,1,0,0.45828378906577716,0.0013417217102805977,0.1609884571134344
WP131954,NANCY,1954,5,6,3,0.012711864406779662,2,0,0.0,0.0,0.0,1,1,0,0.45828378906577716,0.0025825341701013736,0.1609884571134344
WP131954,NANCY,1954,6,7,5,0.0211864406779661,2,1,0.005208333333333333,2117531.6196603477,0.013700801216687309,3,2,1,0.45828378906577716,0.0025825504428426817,0.1609884571134344
WP131954,NANCY,1954,7,8,6,0.025423728813559324,1,2,0.010416666666666666,2731673.5851630867,0.017674407518504093,4,2,2,0.45828378906577716,0.0025825504428426817,0.1609884571134344
WP131954,NANCY,1954,8,9,7,0.029661016949152543,1,2,0.010416666666666666,2731673.5851630867,0.017674407518504093,5,3,2,0.45828378906577716,0.0025825504428426817,0.1609884571134344
