storm_id,storm_name,year,t,n_track_points_used,n_failed_lines_cumulative,failed_line_share_cumulative,n_failed_lines_new,n_unserved_buses,unserved_bus_share,affected_population_proxy,affected_population_share_proxy,n_components,n_served_components,n_unserved_components,max_line_hazard_this_step,mean_line_p_fail_this_step,max_line_p_fail_this_step
WP061993,KORYN,1993,0,1,0,0.0,0,0,0.0,0.0,0.0,1,1,0,0.0,5.017216468376421e-05,5.0172164683764205e-05
WP061993,KORYN,1993,1,2,0,0.0,0,0,0.0,0.0,0.0,1,1,0,0.0,5.017216468376421e-05,5.0172164683764205e-05
WP061993,KORYN,1993,2,3,0,0.0,0,0,0.0,0.0,0.0,1,1,0,0.0,5.017216468376421e-05,5.0172164683764205e-05
WP061993,KORYN,1993,3,4,0,0.0,0,0,0.0,0.0,0.0,1,1,0,0.0,5.017216468376421e-05,5.0172164683764205e-05
WP061993,KORYN,1993,4,5,0,0.0,0,0,0.0,0.0,0.0,1,1,0,0.18774115257129534,7.211123168740163e-05,0.0014705322509315879
WP061993,KORYN,1993,5,6,0,0.0,0,0,0.0,0.0,0.0,1,1,0,0.32903378754796864,0.00025934995661409927,0.018389913677194957
WP061993,KORYN,1993,6,7,0,0.0,0,0,0.0,0.0,0.0,1,1,0,0.32903378754796864,0.00026253419281814034,0.018389913677194957
WP061993,KORYN,1993,7,8,1,0.00423728813559322,1,0,0.0,0.0,0.0,1,1,0,0.32903378754796864,0.00026253419281814034,0.018389913677194957
WP061993,KORYN,1993,8,9,1,0.00423728813559322,0,0,0.0,0.0,0.0,1,1,0,0.32903378754796864,0.00026253419281814034,0.018389913677194957
