storm_id,storm_name,year,t,n_track_points_used,n_failed_lines_cumulative,failed_line_share_cumulative,n_failed_lines_new,n_unserved_buses,unserved_bus_share,affected_population_proxy,affected_population_share_proxy,n_components,n_served_components,n_unserved_components,max_line_hazard_this_step,mean_line_p_fail_this_step,max_line_p_fail_this_step
WP061966,MAMIE,1966,0,1,0,0.0,0,0,0.0,0.0,0.0,1,1,0,0.0,5.017216468376421e-05,5.0172164683764205e-05
WP061966,MAMIE,1966,1,2,0,0.0,0,0,0.0,0.0,0.0,1,1,0,0.0,5.017216468376421e-05,5.0172164683764205e-05
WP061966,MAMIE,1966,2,3,0,0.0,0,0,0.0,0.0,0.0,1,1,0,0.0,5.017216468376421e-05,5.0172164683764205e-05
WP061966,MAMIE,1966,3,4,0,0.0,0,0,0.0,0.0,0.0,1,1,0,0.0285784204789618,5.080939025073448e-05,8.391783834413358e-05
WP061966,MAMIE,1966,4,5,0,0.0,0,0,0.0,0.0,0.0,1,1,0,0.043580123673311176,5.138140383772143e-05,0.00010992989540769668
WP061966,MAMIE,1966,5,6,0,0.0,0,0,0.0,0.0,0.0,1,1,0,0.043580123673311176,5.138140383772143e-05,0.00010992989540769668
WP061966,MAMIE,1966,6,7,0,0.0,0,0,0.0,0.0,0.0,1,1,0,0.043580123673311176,5.138140383772143e-05,0.00010992989540769668
WP061966,MAMIE,1966,7,8,0,0.0,0,0,0.0,0.0,0.0,1,1,0,0.043580123673311176,5.138140383772143e-05,0.00010992989540769668
