storm_id,storm_name,year,t,n_track_points_used,n_failed_lines_cumulative,failed_line_share_cumulative,n_failed_lines_new,n_unserved_buses,unserved_bus_share,affected_population_proxy,affected_population_share_proxy,n_components,n_served_components,n_unserved_components,max_line_hazard_this_step,mean_line_p_fail_this_step,max_line_p_fail_this_step
WP121971,HARRIET,1971,0,1,0,0.0,0,0,0.0,0.0,0.0,1,1,0,0.028853599353260165,5.03169203327046e-05,8.433449783369572e-05
WP121971,HARRIET,1971,1,2,0,0.0,0,0,0.0,0.0,0.0,1,1,0,0.07044697069882543,5.8145550884296384e-05,0.00017828399041099952
WP121971,HARRIET,1971,2,3,0,0.0,0,0,0.0,0.0,0.0,1,1,0,0.2931061514081041,0.00012581199187340706,0.009717236307939523
WP121971,HARRIET,1971,3,4,0,0.0,0,0,0.0,0.0,0.0,1,1,0,0.2931061514081041,0.0001286743962224294,0.009717236307939523
WP121971,HARRIET,1971,4,5,0,0.0,0,0,0.0,0.0,0.0,1,1,0,0.2931061514081041,0.0001448845859561158,0.009717236307939523
WP121971,HARRIET,1971,5,6,0,0.0,0,0,0.0,0.0,0.0,1,1,0,0.2931061514081041,0.00015167907879033843,0.009717236307939523
WP121971,HARRIET,1971,6,7,0,0.0,0,0,0.0,0.0,0.0,1,1,0,0.2931061514081041,0.00015167907879033843,0.009717236307939523
WP121971,HARRIET,1971,7,8,0,0.0,0,0,0.0,0.0,0.0,1,1,0,0.2931061514081041,0.00015167907879033843,0.009717236307939523
