storm_id,storm_name,year,t,n_track_points_used,n_failed_lines_cumulative,failed_line_share_cumulative,n_failed_lines_new,n_unserved_buses,unserved_bus_share,affected_population_proxy,affected_population_share_proxy,n_components,n_served_components,n_unserved_components,max_line_hazard_this_step,mean_line_p_fail_this_step,max_line_p_fail_this_step
WP101945,QUEENIE,1945,0,1,0,0.0,0,0,0.0,0.0,0.0,1,1,0,0.029158278316508003,5.0891163813212396e-05,8.479823813123481e-05
WP101945,QUEENIE,1945,1,2,0,0.0,0,0,0.0,0.0,0.0,1,1,0,0.04885582150200746,5.673052050912925e-05,0.00012087953342778996
WP101945,QUEENIE,1945,2,3,0,0.0,0,0,0.0,0.0,0.0,1,1,0,0.26361523827330224,0.0001850020357710806,0.005737796473737688
WP101945,QUEENIE,1945,3,4,0,0.0,0,0,0.0,0.0,0.0,1,1,0,0.2923671716465667,0.0003933277874671936,0.009590068381823066
WP101945,QUEENIE,1945,4,5,0,0.0,0,0,0.0,0.0,0.0,1,1,0,0.2923671716465667,0.0003933277874671936,0.009590068381823066
WP101945,QUEENIE,1945,5,6,0,0.0,0,0,0.0,0.0,0.0,1,1,0,0.2923671716465667,0.0003933277874671936,0.009590068381823066
WP101945,QUEENIE,1945,6,7,0,0.0,0,0,0.0,0.0,0.0,1,1,0,0.2923671716465667,0.0003933277874671936,0.009590068381823066
WP101945,QUEENIE,1945,7,8,0,0.0,0,0,0.0,0.0,0.0,1,1,0,0.2923671716465667,0.0003933277874671936,0.009590068381823066
WP101945,QUEENIE,1945,8,9,1,0.00423728813559322,1,0,0.0,0.0,0.0,1,1,0,0.2923671716465667,0.0003933277874671936,0.009590068381823066
