storm_id,storm_name,year,t,n_track_points_used,n_failed_lines_cumulative,failed_line_share_cumulative,n_failed_lines_new,n_unserved_buses,unserved_bus_share,affected_population_proxy,affected_population_share_proxy,n_components,n_served_components,n_unserved_components,max_line_hazard_this_step,mean_line_p_fail_this_step,max_line_p_fail_this_step
WP281972,PAMELA,1972,0,1,0,0.0,0,0,0.0,0.0,0.0,1,1,0,0.0,5.017216468376421e-05,5.0172164683764205e-05
WP281972,PAMELA,1972,1,2,0,0.0,0,0,0.0,0.0,0.0,1,1,0,0.0489823042523625,5.107448909959156e-05,0.0001211550187288487
WP281972,PAMELA,1972,2,3,0,0.0,0,0,0.0,0.0,0.0,1,1,0,0.43959704335518146,0.00059032783700413,0.12054776175580675
WP281972,PAMELA,1972,3,4,0,0.0,0,0,0.0,0.0,0.0,1,1,0,0.43959704335518146,0.0006025280827096973,0.12054776175580675
WP281972,PAMELA,1972,4,5,1,0.00423728813559322,1,1,0.005208333333333333,2327941.2650969625,0.015062188550616763,2,1,1,0.43959704335518146,0.000612715613955335,0.12054776175580675
WP281972,PAMELA,1972,5,6,1,0.00423728813559322,0,1,0.005208333333333333,2327941.2650969625,0.015062188550616763,2,1,1,0.43959704335518146,0.0006143881354793685,0.12054776175580675
WP281972,PAMELA,1972,6,7,1,0.00423728813559322,0,1,0.005208333333333333,2327941.2650969625,0.015062188550616763,2,1,1,0.43959704335518146,0.0006143881354793685,0.12054776175580675
WP281972,PAMELA,1972,7,8,1,0.00423728813559322,0,1,0.005208333333333333,2327941.2650969625,0.015062188550616763,2,1,1,0.43959704335518146,0.0006143881354793685,0.12054776175580675
WP281972,PAMELA,1972,8,9,1,0.00423728813559322,0,1,0.005208333333333333,2327941.2650969625,0.015062188550616763,2,1,1,0.43959704335518146,0.0006143881354793685,0.12054776175580675
