storm_id,storm_name,year,t,n_track_points_used,n_failed_lines_cumulative,failed_line_share_cumulative,n_failed_lines_new,n_unserved_buses,unserved_bus_share,affected_population_proxy,affected_population_share_proxy,n_components,n_served_components,n_unserved_components,max_line_hazard_this_step,mean_line_p_fail_this_step,max_line_p_fail_this_step
WP152014,KALMAEGI,2014,0,1,0,0.0,0,0,0.0,0.0,0.0,1,1,0,0.0,5.017216468376421e-05,5.0172164683764205e-05
WP152014,KALMAEGI,2014,1,2,0,0.0,0,0,0.0,0.0,0.0,1,1,0,0.0,5.017216468376421e-05,5.0172164683764205e-05
WP152014,KALMAEGI,2014,2,3,0,0.0,0,0,0.0,0.0,0.0,1,1,0,0.0,5.017216468376421e-05,5.0172164683764205e-05
WP152014,KALMAEGI,2014,3,4,0,0.0,0,0,0.0,0.0,0.0,1,1,0,0.0,5.017216468376421e-05,5.0172164683764205e-05
WP152014,KALMAEGI,2014,4,5,0,0.0,0,0,0.0,0.0,0.0,1,1,0,0.05404693576301493,5.163649965800006e-05,0.00013271748226261807
WP152014,KALMAEGI,2014,5,6,0,0.0,0,0,0.0,0.0,0.0,1,1,0,0.23423097674092613,8.489838042970152e-05,0.0033889432988432324
WP152014,KALMAEGI,2014,6,7,0,0.0,0,0,0.0,0.0,0.0,1,1,0,0.23423097674092613,0.00010024381678807615,0.0033889432988432324
WP152014,KALMAEGI,2014,7,8,0,0.0,0,0,0.0,0.0,0.0,1,1,0,0.23423097674092613,0.00010024381678807615,0.0033889432988432324
WP152014,KALMAEGI,2014,8,9,0,0.0,0,0,0.0,0.0,0.0,1,1,0,0.23423097674092613,0.00010024381678807615,0.0033889432988432324
