storm_id,storm_name,year,t,n_track_points_used,n_failed_lines_cumulative,failed_line_share_cumulative,n_failed_lines_new,n_unserved_buses,unserved_bus_share,affected_population_proxy,affected_population_share_proxy,n_components,n_served_components,n_unserved_components,max_line_hazard_this_step,mean_line_p_fail_this_step,max_line_p_fail_this_step
WP231987,NINA,1987,0,1,0,0.0,0,0,0.0,0.0,0.0,1,1,0,0.0,5.017216468376421e-05,5.0172164683764205e-05
WP231987,NINA,1987,1,2,0,0.0,0,0,0.0,0.0,0.0,1,1,0,0.09987674987574106,5.466623876006894e-05,0.00030277478190914194
WP231987,NINA,1987,2,3,0,0.0,0,0,0.0,0.0,0.0,1,1,0,0.4320825581550351,0.0011271774125135954,0.10692776515541541
WP231987,NINA,1987,3,4,1,0.00423728813559322,1,1,0.005208333333333333,439386.2468471527,0.002842906131604656,2,1,1,0.6104786204515793,0.00393193643630642,0.7481208590496263
WP231987,NINA,1987,4,5,6,0.025423728813559324,5,2,0.010416666666666666,1461914.3687820435,0.00945884253936874,5,3,2,0.646122962295956,0.028000882128604247,0.8494397043562477
WP231987,NINA,1987,5,6,8,0.03389830508474576,2,3,0.015625,3252355.382171631,0.021043310127432244,7,4,3,0.646122962295956,0.02800295469777124,0.8494397043562477
WP231987,NINA,1987,6,7,8,0.03389830508474576,0,3,0.015625,3252355.382171631,0.021043310127432244,7,4,3,0.646122962295956,0.02800295469777124,0.8494397043562477
WP231987,NINA,1987,7,8,9,0.038135593220338986,1,3,0.015625,3252355.382171631,0.021043310127432244,7,4,3,0.646122962295956,0.02800295469777124,0.8494397043562477
