storm_id,storm_name,year,t,n_track_points_used,n_failed_lines_cumulative,failed_line_share_cumulative,n_failed_lines_new,n_unserved_buses,unserved_bus_share,affected_population_proxy,affected_population_share_proxy,n_components,n_served_components,n_unserved_components,max_line_hazard_this_step,mean_line_p_fail_this_step,max_line_p_fail_this_step
WP101951,PAT,1951,0,1,0,0.0,0,0,0.0,0.0,0.0,1,1,0,0.027451624587373553,5.0683256025706206e-05,8.223307258959941e-05
WP101951,PAT,1951,1,2,0,0.0,0,0,0.0,0.0,0.0,1,1,0,0.06061201713018983,5.3133351988310685e-05,0.00014936268749316233
WP101951,PAT,1951,2,3,0,0.0,0,0,0.0,0.0,0.0,1,1,0,0.0682969917147937,5.379953059825817e-05,0.0001715174270152436
WP101951,PAT,1951,3,4,0,0.0,0,0,0.0,0.0,0.0,1,1,0,0.0682969917147937,5.379953059825817e-05,0.0001715174270152436
WP101951,PAT,1951,4,5,0,0.0,0,0,0.0,0.0,0.0,1,1,0,0.0682969917147937,5.379953059825817e-05,0.0001715174270152436
WP101951,PAT,1951,5,6,0,0.0,0,0,0.0,0.0,0.0,1,1,0,0.0682969917147937,5.379953059825817e-05,0.0001715174270152436
WP101951,PAT,1951,6,7,0,0.0,0,0,0.0,0.0,0.0,1,1,0,0.0682969917147937,5.379953059825817e-05,0.0001715174270152436
WP101951,PAT,1951,7,8,0,0.0,0,0,0.0,0.0,0.0,1,1,0,0.0682969917147937,5.379953059825817e-05,0.0001715174270152436
