storm_id,storm_name,year,t,n_track_points_used,n_failed_lines_cumulative,failed_line_share_cumulative,n_failed_lines_new,n_unserved_buses,unserved_bus_share,affected_population_proxy,affected_population_share_proxy,n_components,n_served_components,n_unserved_components,max_line_hazard_this_step,mean_line_p_fail_this_step,max_line_p_fail_this_step
WP201952,WILMA,1952,0,1,0,0.0,0,0,0.0,0.0,0.0,1,1,0,0.0,5.017216468376421e-05,5.0172164683764205e-05
WP201952,WILMA,1952,1,2,0,0.0,0,0,0.0,0.0,0.0,1,1,0,0.12868938711450584,6.730136893853108e-05,0.0005084723936880022
WP201952,WILMA,1952,2,3,8,0.03389830508474576,8,9,0.046875,8527666.996075436,0.05517550211319869,7,1,6,0.7031684314890475,0.024477010591026103,0.940309251307923
WP201952,WILMA,1952,3,4,8,0.03389830508474576,0,9,0.046875,8527666.996075436,0.05517550211319869,7,1,6,0.7031684314890475,0.024522268354611892,0.940309251307923
WP201952,WILMA,1952,4,5,8,0.03389830508474576,0,9,0.046875,8527666.996075436,0.05517550211319869,7,1,6,0.7031684314890475,0.02462180821136096,0.940309251307923
WP201952,WILMA,1952,5,6,10,0.0423728813559322,2,9,0.046875,8527666.996075436,0.05517550211319869,9,3,6,0.7031684314890475,0.02463317252654296,0.940309251307923
WP201952,WILMA,1952,6,7,11,0.046610169491525424,1,9,0.046875,8527666.996075436,0.05517550211319869,10,4,6,0.7031684314890475,0.02463317252654296,0.940309251307923
WP201952,WILMA,1952,7,8,11,0.046610169491525424,0,9,0.046875,8527666.996075436,0.05517550211319869,10,4,6,0.7031684314890475,0.02463317252654296,0.940309251307923
