storm_id,storm_name,year,t,n_track_points_used,n_failed_lines_cumulative,failed_line_share_cumulative,n_failed_lines_new,n_unserved_buses,unserved_bus_share,affected_population_proxy,affected_population_share_proxy,n_components,n_served_components,n_unserved_components,max_line_hazard_this_step,mean_line_p_fail_this_step,max_line_p_fail_this_step
WP261992,COLLEEN,1992,0,1,0,0.0,0,0,0.0,0.0,0.0,1,1,0,0.0,5.017216468376421e-05,5.0172164683764205e-05
WP261992,COLLEEN,1992,1,2,0,0.0,0,0,0.0,0.0,0.0,1,1,0,0.0,5.017216468376421e-05,5.0172164683764205e-05
WP261992,COLLEEN,1992,2,3,0,0.0,0,0,0.0,0.0,0.0,1,1,0,0.05770077286857384,5.3014115019385554e-05,0.00014173834559558045
WP261992,COLLEEN,1992,3,4,0,0.0,0,0,0.0,0.0,0.0,1,1,0,0.11882392821101904,7.98185246569991e-05,0.0004257768566012204
WP261992,COLLEEN,1992,4,5,0,0.0,0,0,0.0,0.0,0.0,1,1,0,0.323505864394276,0.002506521025839605,0.01667720804717038
WP261992,COLLEEN,1992,5,6,0,0.0,0,0,0.0,0.0,0.0,1,1,0,0.323505864394276,0.0025065911809621384,0.01667720804717038
WP261992,COLLEEN,1992,6,7,0,0.0,0,0,0.0,0.0,0.0,1,1,0,0.323505864394276,0.0025065911809621384,0.01667720804717038
WP261992,COLLEEN,1992,7,8,0,0.0,0,0,0.0,0.0,0.0,1,1,0,0.323505864394276,0.0025065911809621384,0.01667720804717038
