storm_id,storm_name,year,t,n_track_points_used,n_failed_lines_cumulative,failed_line_share_cumulative,n_failed_lines_new,n_unserved_buses,unserved_bus_share,affected_population_proxy,affected_population_share_proxy,n_components,n_served_components,n_unserved_components,max_line_hazard_this_step,mean_line_p_fail_this_step,max_line_p_fail_this_step
WP121965,FREDA,1965,0,1,0,0.0,0,0,0.0,0.0,0.0,1,1,0,0.0,5.017216468376421e-05,5.0172164683764205e-05
WP121965,FREDA,1965,1,2,0,0.0,0,0,0.0,0.0,0.0,1,1,0,0.0,5.017216468376421e-05,5.0172164683764205e-05
WP121965,FREDA,1965,2,3,0,0.0,0,0,0.0,0.0,0.0,1,1,0,0.0,5.017216468376421e-05,5.0172164683764205e-05
WP121965,FREDA,1965,3,4,0,0.0,0,0,0.0,0.0,0.0,1,1,0,0.0,5.017216468376421e-05,5.0172164683764205e-05
WP121965,FREDA,1965,4,5,0,0.0,0,0,0.0,0.0,0.0,1,1,0,0.4150183450686853,0.0006604247346123098,0.08093802726069015
WP121965,FREDA,1965,5,6,0,0.0,0,0,0.0,0.0,0.0,1,1,0,0.43712998878805187,0.003185380598387635,0.11591867351884856
WP121965,FREDA,1965,6,7,0,0.0,0,0,0.0,0.0,0.0,1,1,0,0.43712998878805187,0.003185380598387635,0.11591867351884856
WP121965,FREDA,1965,7,8,0,0.0,0,0,0.0,0.0,0.0,1,1,0,0.43712998878805187,0.003185380598387635,0.11591867351884856
WP121965,FREDA,1965,8,9,1,0.00423728813559322,1,0,0.0,0.0,0.0,1,1,0,0.43712998878805187,0.003185380598387635,0.11591867351884856
