storm_id,storm_name,year,t,n_track_points_used,n_failed_lines_cumulative,failed_line_share_cumulative,n_failed_lines_new,n_unserved_buses,unserved_bus_share,affected_population_proxy,affected_population_share_proxy,n_components,n_served_components,n_unserved_components,max_line_hazard_this_step,mean_line_p_fail_this_step,max_line_p_fail_this_step
WP221988,PAT,1988,0,1,0,0.0,0,0,0.0,0.0,0.0,1,1,0,0.0,5.017216468376421e-05,5.0172164683764205e-05
WP221988,PAT,1988,1,2,0,0.0,0,0,0.0,0.0,0.0,1,1,0,0.0,5.017216468376421e-05,5.0172164683764205e-05
WP221988,PAT,1988,2,3,0,0.0,0,0,0.0,0.0,0.0,1,1,0,0.0,5.017216468376421e-05,5.0172164683764205e-05
WP221988,PAT,1988,3,4,0,0.0,0,0,0.0,0.0,0.0,1,1,0,0.05955992171744207,5.1982801589656805e-05,0.00014656112501152128
WP221988,PAT,1988,4,5,0,0.0,0,0,0.0,0.0,0.0,1,1,0,0.40801546685551077,0.0024208637333780255,0.0720430425139093
WP221988,PAT,1988,5,6,0,0.0,0,0,0.0,0.0,0.0,1,1,0,0.40801546685551077,0.0024208637333780255,0.0720430425139093
WP221988,PAT,1988,6,7,0,0.0,0,0,0.0,0.0,0.0,1,1,0,0.40801546685551077,0.0024208637333780255,0.0720430425139093
