storm_id,storm_name,year,t,n_track_points_used,n_failed_lines_cumulative,failed_line_share_cumulative,n_failed_lines_new,n_unserved_buses,unserved_bus_share,affected_population_proxy,affected_population_share_proxy,n_components,n_served_components,n_unserved_components,max_line_hazard_this_step,mean_line_p_fail_this_step,max_line_p_fail_this_step
WP191973,PATSY,1973,0,1,0,0.0,0,0,0.0,0.0,0.0,1,1,0,0.0,5.017216468376421e-05,5.0172164683764205e-05
WP191973,PATSY,1973,1,2,0,0.0,0,0,0.0,0.0,0.0,1,1,0,0.0,5.017216468376421e-05,5.0172164683764205e-05
WP191973,PATSY,1973,2,3,0,0.0,0,0,0.0,0.0,0.0,1,1,0,0.0,5.017216468376421e-05,5.0172164683764205e-05
WP191973,PATSY,1973,3,4,0,0.0,0,0,0.0,0.0,0.0,1,1,0,0.0,5.017216468376421e-05,5.0172164683764205e-05
WP191973,PATSY,1973,4,5,0,0.0,0,0,0.0,0.0,0.0,1,1,0,0.03874147806430186,5.106042124703023e-05,0.00010076150587495828
WP191973,PATSY,1973,5,6,0,0.0,0,0,0.0,0.0,0.0,1,1,0,0.1750355487548977,6.57997446109686e-05,0.0011702579719033203
WP191973,PATSY,1973,6,7,0,0.0,0,0,0.0,0.0,0.0,1,1,0,0.1750355487548977,6.57997446109686e-05,0.0011702579719033203
WP191973,PATSY,1973,7,8,0,0.0,0,0,0.0,0.0,0.0,1,1,0,0.1750355487548977,6.57997446109686e-05,0.0011702579719033203
