storm_id,storm_name,year,t,n_track_points_used,n_failed_lines_cumulative,failed_line_share_cumulative,n_failed_lines_new,n_unserved_buses,unserved_bus_share,affected_population_proxy,affected_population_share_proxy,n_components,n_served_components,n_unserved_components,max_line_hazard_this_step,mean_line_p_fail_this_step,max_line_p_fail_this_step
WP111962,PATSY,1962,0,1,0,0.0,0,0,0.0,0.0,0.0,1,1,0,0.0,5.017216468376421e-05,5.0172164683764205e-05
WP111962,PATSY,1962,1,2,0,0.0,0,0,0.0,0.0,0.0,1,1,0,0.09329698334360088,5.7216328387457407e-05,0.0002689666126506559
WP111962,PATSY,1962,2,3,0,0.0,0,0,0.0,0.0,0.0,1,1,0,0.3294523037312511,0.00015693767234939977,0.01852639710952513
WP111962,PATSY,1962,3,4,0,0.0,0,0,0.0,0.0,0.0,1,1,0,0.3294523037312511,0.00016190622510003425,0.01852639710952513
WP111962,PATSY,1962,4,5,0,0.0,0,0,0.0,0.0,0.0,1,1,0,0.3294523037312511,0.00026725438818025,0.01852639710952513
WP111962,PATSY,1962,5,6,0,0.0,0,0,0.0,0.0,0.0,1,1,0,0.3294523037312511,0.00026788855768599735,0.01852639710952513
WP111962,PATSY,1962,6,7,0,0.0,0,0,0.0,0.0,0.0,1,1,0,0.3294523037312511,0.00026788855768599735,0.01852639710952513
WP111962,PATSY,1962,7,8,0,0.0,0,0,0.0,0.0,0.0,1,1,0,0.3294523037312511,0.00026788855768599735,0.01852639710952513
