storm_id,storm_name,year,t,n_track_points_used,n_failed_lines_cumulative,failed_line_share_cumulative,n_failed_lines_new,n_unserved_buses,unserved_bus_share,affected_population_proxy,affected_population_share_proxy,n_components,n_served_components,n_unserved_components,max_line_hazard_this_step,mean_line_p_fail_this_step,max_line_p_fail_this_step
WP231963,PHYLLIS,1963,0,1,0,0.0,0,0,0.0,0.0,0.0,1,1,0,0.03997893160692931,5.5435912559962594e-05,0.00010303083277334396
WP231963,PHYLLIS,1963,1,2,0,0.0,0,0,0.0,0.0,0.0,1,1,0,0.06035241914359067,6.086778375891685e-05,0.00014866648256726137
WP231963,PHYLLIS,1963,2,3,0,0.0,0,0,0.0,0.0,0.0,1,1,0,0.07097700771939892,6.238600675890054e-05,0.00017999277081449526
WP231963,PHYLLIS,1963,3,4,0,0.0,0,0,0.0,0.0,0.0,1,1,0,0.07097700771939892,6.583515343677295e-05,0.00017999277081449526
WP231963,PHYLLIS,1963,4,5,0,0.0,0,0,0.0,0.0,0.0,1,1,0,0.07097700771939892,6.72422428521342e-05,0.00017999277081449526
WP231963,PHYLLIS,1963,5,6,0,0.0,0,0,0.0,0.0,0.0,1,1,0,0.07278265881053628,7.00940028639043e-05,0.00018593784689991828
WP231963,PHYLLIS,1963,6,7,0,0.0,0,0,0.0,0.0,0.0,1,1,0,0.20902354010432586,8.326184756788137e-05,0.0021554966860124433
WP231963,PHYLLIS,1963,7,8,0,0.0,0,0,0.0,0.0,0.0,1,1,0,0.20902354010432586,8.326184756788137e-05,0.0021554966860124433
