storm_id,storm_name,year,t,n_track_points_used,n_failed_lines_cumulative,failed_line_share_cumulative,n_failed_lines_new,n_unserved_buses,unserved_bus_share,affected_population_proxy,affected_population_share_proxy,n_components,n_served_components,n_unserved_components,max_line_hazard_this_step,mean_line_p_fail_this_step,max_line_p_fail_this_step
WP151971,JEAN,1971,0,1,0,0.0,0,0,0.0,0.0,0.0,1,1,0,0.0,5.017216468376421e-05,5.0172164683764205e-05
WP151971,JEAN,1971,1,2,0,0.0,0,0,0.0,0.0,0.0,1,1,0,0.08295816560098844,5.763519336140338e-05,0.00022330403081777527
WP151971,JEAN,1971,2,3,0,0.0,0,0,0.0,0.0,0.0,1,1,0,0.4383980680164539,0.0015551475705721986,0.11827844344126962
WP151971,JEAN,1971,3,4,1,0.00423728813559322,1,0,0.0,0.0,0.0,1,1,0,0.4383980680164539,0.0016318105683025867,0.11827844344126962
WP151971,JEAN,1971,4,5,1,0.00423728813559322,0,0,0.0,0.0,0.0,1,1,0,0.4383980680164539,0.0016390951814795357,0.11827844344126962
WP151971,JEAN,1971,5,6,2,0.00847457627118644,1,1,0.005208333333333333,2327941.2650969625,0.015062188550616763,2,1,1,0.4383980680164539,0.0020811874199505183,0.11827844344126962
WP151971,JEAN,1971,6,7,2,0.00847457627118644,0,1,0.005208333333333333,2327941.2650969625,0.015062188550616763,2,1,1,0.4383980680164539,0.0020826536362631353,0.11827844344126962
WP151971,JEAN,1971,7,8,2,0.00847457627118644,0,1,0.005208333333333333,2327941.2650969625,0.015062188550616763,2,1,1,0.4383980680164539,0.0020826536362631353,0.11827844344126962
WP151971,JEAN,1971,8,9,2,0.00847457627118644,0,1,0.005208333333333333,2327941.2650969625,0.015062188550616763,2,1,1,0.4383980680164539,0.0020826536362631353,0.11827844344126962
