storm_id,storm_name,year,t,n_track_points_used,n_failed_lines_cumulative,failed_line_share_cumulative,n_unserved_buses,unserved_bus_share,affected_population_proxy,affected_population_share_proxy,n_components,max_line_hazard_this_step
WP101952,MARY,1952,0,1,0,0.0,0,0.0,0.0,0.0,1,0.0
WP101952,MARY,1952,1,2,0,0.0,0,0.0,0.0,0.0,1,0.0
WP101952,MARY,1952,2,3,0,0.0,0,0.0,0.0,0.0,1,0.037045147735977696
WP101952,MARY,1952,3,4,0,0.0,0,0.0,0.0,0.0,1,0.04408688161400423
WP101952,MARY,1952,4,5,0,0.0,0,0.0,0.0,0.0,1,0.09624027697369474
WP101952,MARY,1952,5,6,0,0.0,0,0.0,0.0,0.0,1,0.09624027697369474
WP101952,MARY,1952,6,7,0,0.0,0,0.0,0.0,0.0,1,0.09624027697369474
WP101952,MARY,1952,7,8,0,0.0,0,0.0,0.0,0.0,1,0.09624027697369474
