storm_id,storm_name,year,t,n_track_points_used,n_failed_lines_cumulative,failed_line_share_cumulative,n_failed_lines_new,n_unserved_buses,unserved_bus_share,affected_population_proxy,affected_population_share_proxy,n_components,n_served_components,n_unserved_components,max_line_hazard_this_step,mean_line_p_fail_this_step,max_line_p_fail_this_step
WP231996,SALLY,1996,0,1,0,0.0,0,0,0.0,0.0,0.0,1,1,0,0.0,5.017216468376421e-05,5.0172164683764205e-05
WP231996,SALLY,1996,1,2,0,0.0,0,0,0.0,0.0,0.0,1,1,0,0.0,5.017216468376421e-05,5.0172164683764205e-05
WP231996,SALLY,1996,2,3,0,0.0,0,0,0.0,0.0,0.0,1,1,0,0.0,5.017216468376421e-05,5.0172164683764205e-05
WP231996,SALLY,1996,3,4,0,0.0,0,0,0.0,0.0,0.0,1,1,0,0.223395866136956,7.70989852951581e-05,0.0027901262439739435
WP231996,SALLY,1996,4,5,0,0.0,0,0,0.0,0.0,0.0,1,1,0,0.223395866136956,7.70989852951581e-05,0.0027901262439739435
WP231996,SALLY,1996,5,6,0,0.0,0,0,0.0,0.0,0.0,1,1,0,0.223395866136956,7.70989852951581e-05,0.0027901262439739435
