storm_id,storm_name,year,t,n_track_points_used,n_failed_lines_cumulative,failed_line_share_cumulative,n_failed_lines_new,n_unserved_buses,unserved_bus_share,affected_population_proxy,affected_population_share_proxy,n_components,n_served_components,n_unserved_components,max_line_hazard_this_step,mean_line_p_fail_this_step,max_line_p_fail_this_step
WP131975,ALICE,1975,0,1,0,0.0,0,0,0.0,0.0,0.0,1,1,0,0.0,5.017216468376421e-05,5.0172164683764205e-05
WP131975,ALICE,1975,1,2,0,0.0,0,0,0.0,0.0,0.0,1,1,0,0.0,5.017216468376421e-05,5.0172164683764205e-05
WP131975,ALICE,1975,2,3,0,0.0,0,0,0.0,0.0,0.0,1,1,0,0.0,5.017216468376421e-05,5.0172164683764205e-05
WP131975,ALICE,1975,3,4,0,0.0,0,0,0.0,0.0,0.0,1,1,0,0.04891567442988292,5.237709023492943e-05,0.00012100981772909052
WP131975,ALICE,1975,4,5,0,0.0,0,0,0.0,0.0,0.0,1,1,0,0.06894186200239001,5.3375584145245815e-05,0.0001735195961910101
WP131975,ALICE,1975,5,6,0,0.0,0,0,0.0,0.0,0.0,1,1,0,0.1317516789821583,8.672106232351805e-05,0.0005372713982019542
WP131975,ALICE,1975,6,7,1,0.00423728813559322,1,0,0.0,0.0,0.0,2,2,0,0.3820545957755822,0.0030635750296439516,0.04639679489572648
WP131975,ALICE,1975,7,8,1,0.00423728813559322,0,0,0.0,0.0,0.0,2,2,0,0.3820545957755822,0.0030635750296439516,0.04639679489572648
WP131975,ALICE,1975,8,9,2,0.00847457627118644,1,0,0.0,0.0,0.0,2,2,0,0.3820545957755822,0.0030635750296439516,0.04639679489572648
