storm_id,storm_name,year,t,n_track_points_used,n_failed_lines_cumulative,failed_line_share_cumulative,n_failed_lines_new,n_unserved_buses,unserved_bus_share,affected_population_proxy,affected_population_share_proxy,n_components,n_served_components,n_unserved_components,max_line_hazard_this_step,mean_line_p_fail_this_step,max_line_p_fail_this_step
WP101965,DINAH,1965,0,1,0,0.0,0,0,0.0,0.0,0.0,1,1,0,0.0,5.017216468376421e-05,5.0172164683764205e-05
WP101965,DINAH,1965,1,2,0,0.0,0,0,0.0,0.0,0.0,1,1,0,0.0,5.017216468376421e-05,5.0172164683764205e-05
WP101965,DINAH,1965,2,3,0,0.0,0,0,0.0,0.0,0.0,1,1,0,0.0,5.017216468376421e-05,5.0172164683764205e-05
WP101965,DINAH,1965,3,4,0,0.0,0,0,0.0,0.0,0.0,1,1,0,0.0,5.017216468376421e-05,5.0172164683764205e-05
WP101965,DINAH,1965,4,5,0,0.0,0,0,0.0,0.0,0.0,1,1,0,0.09989462561559753,5.320180772562554e-05,0.0003028721898913568
WP101965,DINAH,1965,5,6,0,0.0,0,0,0.0,0.0,0.0,1,1,0,0.1378842254466098,5.5736565423519416e-05,0.0005999381087783911
WP101965,DINAH,1965,6,7,0,0.0,0,0,0.0,0.0,0.0,1,1,0,0.1378842254466098,6.0760038411722114e-05,0.0005999381087783911
WP101965,DINAH,1965,7,8,0,0.0,0,0,0.0,0.0,0.0,1,1,0,0.1378842254466098,6.0760038411722114e-05,0.0005999381087783911
WP101965,DINAH,1965,8,9,0,0.0,0,0,0.0,0.0,0.0,1,1,0,0.1378842254466098,6.0760038411722114e-05,0.0005999381087783911
