storm_id,storm_name,year,t,n_track_points_used,n_failed_lines_cumulative,failed_line_share_cumulative,n_failed_lines_new,n_unserved_buses,unserved_bus_share,affected_population_proxy,affected_population_share_proxy,n_components,n_served_components,n_unserved_components,max_line_hazard_this_step,mean_line_p_fail_this_step,max_line_p_fail_this_step
WP011975,LOLA,1975,0,1,0,0.0,0,0,0.0,0.0,0.0,1,1,0,0.04124278690876162,5.064020851194535e-05,0.00010540133640913768
WP011975,LOLA,1975,1,2,0,0.0,0,0,0.0,0.0,0.0,1,1,0,0.168725833782189,7.009704459456649e-05,0.0010447472537038903
WP011975,LOLA,1975,2,3,1,0.00423728813559322,1,1,0.005208333333333333,1231223.0738034248,0.00796622937337068,2,1,1,0.29112931754378113,0.00027643394835650815,0.009380733749246537
WP011975,LOLA,1975,3,4,1,0.00423728813559322,0,1,0.005208333333333333,1231223.0738034248,0.00796622937337068,2,1,1,0.29112931754378113,0.00041294913517785005,0.009380733749246537
WP011975,LOLA,1975,4,5,1,0.00423728813559322,0,1,0.005208333333333333,1231223.0738034248,0.00796622937337068,2,1,1,0.29112931754378113,0.00041294913517785005,0.009380733749246537
WP011975,LOLA,1975,5,6,1,0.00423728813559322,0,1,0.005208333333333333,1231223.0738034248,0.00796622937337068,2,1,1,0.29112931754378113,0.00041294913517785005,0.009380733749246537
WP011975,LOLA,1975,6,7,2,0.00847457627118644,1,4,0.020833333333333332,3345235.9369101524,0.021644263617596537,3,1,2,0.29112931754378113,0.00041294913517785005,0.009380733749246537
