storm_id,storm_name,year,t,n_track_points_used,n_failed_lines_cumulative,failed_line_share_cumulative,n_failed_lines_new,n_unserved_buses,unserved_bus_share,affected_population_proxy,affected_population_share_proxy,n_components,n_served_components,n_unserved_components,max_line_hazard_this_step,mean_line_p_fail_this_step,max_line_p_fail_this_step
WP091980,JOE,1980,0,1,0,0.0,0,0,0.0,0.0,0.0,1,1,0,0.0,5.017216468376421e-05,5.0172164683764205e-05
WP091980,JOE,1980,1,2,0,0.0,0,0,0.0,0.0,0.0,1,1,0,0.0,5.017216468376421e-05,5.0172164683764205e-05
WP091980,JOE,1980,2,3,0,0.0,0,0,0.0,0.0,0.0,1,1,0,0.0,5.017216468376421e-05,5.0172164683764205e-05
WP091980,JOE,1980,3,4,0,0.0,0,0,0.0,0.0,0.0,1,1,0,0.3342930134528735,0.00023864643393729578,0.02017903330342824
WP091980,JOE,1980,4,5,0,0.0,0,0,0.0,0.0,0.0,1,1,0,0.35237547006401854,0.0010761054853026758,0.02772668789784909
WP091980,JOE,1980,5,6,0,0.0,0,0,0.0,0.0,0.0,1,1,0,0.35237547006401854,0.0010761054853026758,0.02772668789784909
WP091980,JOE,1980,6,7,0,0.0,0,0,0.0,0.0,0.0,1,1,0,0.35237547006401854,0.0010761054853026758,0.02772668789784909
