storm_id,storm_name,year,t,n_track_points_used,n_failed_lines_cumulative,failed_line_share_cumulative,n_failed_lines_new,n_unserved_buses,unserved_bus_share,affected_population_proxy,affected_population_share_proxy,n_components,n_served_components,n_unserved_components,max_line_hazard_this_step,mean_line_p_fail_this_step,max_line_p_fail_this_step
WP011988,ROY,1988,0,1,0,0.0,0,0,0.0,0.0,0.0,1,1,0,0.0,5.017216468376421e-05,5.0172164683764205e-05
WP011988,ROY,1988,1,2,0,0.0,0,0,0.0,0.0,0.0,1,1,0,0.06125655974297786,5.145439116423336e-05,0.00015110538639626753
WP011988,ROY,1988,2,3,0,0.0,0,0,0.0,0.0,0.0,1,1,0,0.1778511627086239,7.118700069221954e-05,0.0012310216418640713
WP011988,ROY,1988,3,4,0,0.0,0,0,0.0,0.0,0.0,1,1,0,0.37414812965151717,0.00037261774327181557,0.04049132253926076
WP011988,ROY,1988,4,5,0,0.0,0,0,0.0,0.0,0.0,1,1,0,0.37414812965151717,0.0004965983314780326,0.04049132253926076
WP011988,ROY,1988,5,6,0,0.0,0,0,0.0,0.0,0.0,1,1,0,0.37414812965151717,0.0006965502922886583,0.04049132253926076
WP011988,ROY,1988,6,7,0,0.0,0,0,0.0,0.0,0.0,1,1,0,0.37414812965151717,0.0006965502922886583,0.04049132253926076
WP011988,ROY,1988,7,8,0,0.0,0,0,0.0,0.0,0.0,1,1,0,0.37414812965151717,0.0006965502922886583,0.04049132253926076
WP011988,ROY,1988,8,9,0,0.0,0,0,0.0,0.0,0.0,1,1,0,0.37414812965151717,0.0006965502922886583,0.04049132253926076
