storm_id,storm_name,year,t,n_track_points_used,n_failed_lines_cumulative,failed_line_share_cumulative,n_failed_lines_new,n_unserved_buses,unserved_bus_share,affected_population_proxy,affected_population_share_proxy,n_components,n_served_components,n_unserved_components,max_line_hazard_this_step,mean_line_p_fail_this_step,max_line_p_fail_this_step
WP312013,HAIYAN,2013,0,1,0,0.0,0,0,0.0,0.0,0.0,1,1,0,0.1071020916452886,5.142064439740674e-05,0.00034481337710340056
WP312013,HAIYAN,2013,1,2,10,0.0423728813559322,10,12,0.0625,10733532.38601236,0.06944783832659789,10,4,6,0.9697764501560368,0.047923746443797585,0.9994772979454056
WP312013,HAIYAN,2013,2,3,18,0.07627118644067797,8,16,0.08333333333333333,17394170.59652655,0.11254333652424192,17,6,11,0.9697764501560368,0.0677667456916507,0.9994772979454056
WP312013,HAIYAN,2013,3,4,20,0.0847457627118644,2,17,0.08854166666666667,17681964.017692015,0.11440541046838018,19,7,12,0.9697764501560368,0.0677667456916507,0.9994772979454056
WP312013,HAIYAN,2013,4,5,21,0.08898305084745763,1,17,0.08854166666666667,17681964.017692015,0.11440541046838018,20,7,13,0.9697764501560368,0.0677667456916507,0.9994772979454056
WP312013,HAIYAN,2013,5,6,23,0.09745762711864407,2,18,0.09375,18112328.431047842,0.11718994375391865,22,8,14,0.9697764501560368,0.0677667456916507,0.9994772979454056
