storm_id,storm_name,year,t,n_track_points_used,n_failed_lines_cumulative,failed_line_share_cumulative,n_failed_lines_new,n_unserved_buses,unserved_bus_share,affected_population_proxy,affected_population_share_proxy,n_components,n_served_components,n_unserved_components,max_line_hazard_this_step,mean_line_p_fail_this_step,max_line_p_fail_this_step
WP021967,SALLY,1967,0,1,0,0.0,0,0,0.0,0.0,0.0,1,1,0,0.0,5.017216468376421e-05,5.0172164683764205e-05
WP021967,SALLY,1967,1,2,0,0.0,0,0,0.0,0.0,0.0,1,1,0,0.11382179055627846,5.671353820660882e-05,0.00038913004054163245
WP021967,SALLY,1967,2,3,0,0.0,0,0,0.0,0.0,0.0,1,1,0,0.34227393359050234,0.0002778622500225913,0.023224043789954078
WP021967,SALLY,1967,3,4,0,0.0,0,0,0.0,0.0,0.0,1,1,0,0.34227393359050234,0.0008831406375244333,0.023224043789954078
WP021967,SALLY,1967,4,5,0,0.0,0,0,0.0,0.0,0.0,1,1,0,0.34227393359050234,0.0008956464976768499,0.023224043789954078
WP021967,SALLY,1967,5,6,0,0.0,0,0,0.0,0.0,0.0,1,1,0,0.34227393359050234,0.0008956464976768499,0.023224043789954078
