storm_id,storm_name,year,t,n_track_points_used,n_failed_lines_cumulative,failed_line_share_cumulative,n_failed_lines_new,n_unserved_buses,unserved_bus_share,affected_population_proxy,affected_population_share_proxy,n_components,n_served_components,n_unserved_components,max_line_hazard_this_step,mean_line_p_fail_this_step,max_line_p_fail_this_step
WP092003,IMBUDO,2003,0,1,0,0.0,0,0,0.0,0.0,0.0,1,1,0,0.0,5.017216468376421e-05,5.0172164683764205e-05
WP092003,IMBUDO,2003,1,2,0,0.0,0,0,0.0,0.0,0.0,1,1,0,0.0,5.017216468376421e-05,5.0172164683764205e-05
WP092003,IMBUDO,2003,2,3,0,0.0,0,0,0.0,0.0,0.0,1,1,0,0.0,5.017216468376421e-05,5.0172164683764205e-05
WP092003,IMBUDO,2003,3,4,0,0.0,0,0,0.0,0.0,0.0,1,1,0,0.09935057407731902,5.4710694454166837e-05,0.0002999215453110651
WP092003,IMBUDO,2003,4,5,1,0.00423728813559322,1,0,0.0,0.0,0.0,2,2,0,0.5289123795831545,0.004911998161312667,0.4062288831692422
WP092003,IMBUDO,2003,5,6,1,0.00423728813559322,0,0,0.0,0.0,0.0,2,2,0,0.5289123795831545,0.004936373056852559,0.4062288831692422
WP092003,IMBUDO,2003,6,7,3,0.012711864406779662,2,2,0.010416666666666666,3358329.1585872774,0.02172897905977401,3,2,1,0.5289123795831545,0.004936373056852559,0.4062288831692422
WP092003,IMBUDO,2003,7,8,3,0.012711864406779662,0,2,0.010416666666666666,3358329.1585872774,0.02172897905977401,3,2,1,0.5289123795831545,0.004936373056852559,0.4062288831692422
