storm_id,storm_name,year,t,n_track_points_used,n_failed_lines_cumulative,failed_line_share_cumulative,n_failed_lines_new,n_unserved_buses,unserved_bus_share,affected_population_proxy,affected_population_share_proxy,n_components,n_served_components,n_unserved_components,max_line_hazard_this_step,mean_line_p_fail_this_step,max_line_p_fail_this_step
WP111971,GILDA,1971,0,1,0,0.0,0,0,0.0,0.0,0.0,1,1,0,0.0,5.017216468376421e-05,5.0172164683764205e-05
WP111971,GILDA,1971,1,2,0,0.0,0,0,0.0,0.0,0.0,1,1,0,0.0692942853693493,5.539830681526979e-05,0.0001746236445908699
WP111971,GILDA,1971,2,3,0,0.0,0,0,0.0,0.0,0.0,1,1,0,0.4117296988009242,0.0011563206814062838,0.07664245107781877
WP111971,GILDA,1971,3,4,1,0.00423728813559322,1,0,0.0,0.0,0.0,1,1,0,0.4117296988009242,0.001166939952057886,0.07664245107781877
WP111971,GILDA,1971,4,5,1,0.00423728813559322,0,0,0.0,0.0,0.0,1,1,0,0.4117296988009242,0.0011766702475247874,0.07664245107781877
WP111971,GILDA,1971,5,6,1,0.00423728813559322,0,0,0.0,0.0,0.0,1,1,0,0.4117296988009242,0.0016778840308233616,0.07664245107781877
WP111971,GILDA,1971,6,7,1,0.00423728813559322,0,0,0.0,0.0,0.0,1,1,0,0.4117296988009242,0.0016870802727343365,0.07664245107781877
WP111971,GILDA,1971,7,8,2,0.00847457627118644,1,2,0.010416666666666666,3384417.577397868,0.021897775708127683,2,1,1,0.4117296988009242,0.0016870802727343365,0.07664245107781877
WP111971,GILDA,1971,8,9,2,0.00847457627118644,0,2,0.010416666666666666,3384417.577397868,0.021897775708127683,2,1,1,0.4117296988009242,0.0016870802727343365,0.07664245107781877
