storm_id,storm_name,year,t,n_track_points_used,n_failed_lines_cumulative,failed_line_share_cumulative,n_failed_lines_new,n_unserved_buses,unserved_bus_share,affected_population_proxy,affected_population_share_proxy,n_components,n_served_components,n_unserved_components,max_line_hazard_this_step,mean_line_p_fail_this_step,max_line_p_fail_this_step
WP092014,RAMMASUN,2014,0,1,0,0.0,0,0,0.0,0.0,0.0,1,1,0,0.0,5.017216468376421e-05,5.0172164683764205e-05
WP092014,RAMMASUN,2014,1,2,0,0.0,0,0,0.0,0.0,0.0,1,1,0,0.10073099069977055,5.61686605731254e-05,0.00030746488278517013
WP092014,RAMMASUN,2014,2,3,0,0.0,0,0,0.0,0.0,0.0,1,1,0,0.2366520438192281,0.00010376401724424399,0.003539361797043329
WP092014,RAMMASUN,2014,3,4,8,0.03389830508474576,8,3,0.015625,5812516.408003449,0.037608001285743375,7,4,3,0.673212541338113,0.0329344032743255,0.9018388866869055
WP092014,RAMMASUN,2014,4,5,12,0.05084745762711865,4,8,0.041666666666666664,11594555.756870627,0.07501881064999741,11,3,8,0.673212541338113,0.04156263004275367,0.9018388866869055
WP092014,RAMMASUN,2014,5,6,16,0.06779661016949153,4,9,0.046875,11703376.417571425,0.07572289942330666,13,4,9,0.673212541338113,0.05802002849271451,0.9018388866869055
WP092014,RAMMASUN,2014,6,7,18,0.07627118644067797,2,9,0.046875,11703376.417571425,0.07572289942330666,14,5,9,0.673212541338113,0.05802043668065222,0.9018388866869055
WP092014,RAMMASUN,2014,7,8,20,0.0847457627118644,2,9,0.046875,11703376.417571425,0.07572289942330666,16,7,9,0.673212541338113,0.05802043668065222,0.9018388866869055
WP092014,RAMMASUN,2014,8,9,22,0.09322033898305085,2,10,0.052083333333333336,14821213.212600112,0.0958958506832332,17,7,10,0.673212541338113,0.05802043668065222,0.9018388866869055
