storm_id,storm_name,year,t,n_track_points_used,n_failed_lines_cumulative,failed_line_share_cumulative,n_failed_lines_new,n_unserved_buses,unserved_bus_share,affected_population_proxy,affected_population_share_proxy,n_components,n_served_components,n_unserved_components,max_line_hazard_this_step,mean_line_p_fail_this_step,max_line_p_fail_this_step
WP271968,ORA,1968,0,1,0,0.0,0,0,0.0,0.0,0.0,1,1,0,0.0,5.017216468376421e-05,5.0172164683764205e-05
WP271968,ORA,1968,1,2,0,0.0,0,0,0.0,0.0,0.0,1,1,0,0.0,5.017216468376421e-05,5.0172164683764205e-05
WP271968,ORA,1968,2,3,0,0.0,0,0,0.0,0.0,0.0,1,1,0,0.04945237006731329,5.1697846725053756e-05,0.00012218435703263093
WP271968,ORA,1968,3,4,0,0.0,0,0,0.0,0.0,0.0,1,1,0,0.06603642297678433,5.3086619010749756e-05,0.0001646795523231661
WP271968,ORA,1968,4,5,0,0.0,0,0,0.0,0.0,0.0,1,1,0,0.06603642297678433,7.226527984923101e-05,0.0001646795523231661
WP271968,ORA,1968,5,6,0,0.0,0,0,0.0,0.0,0.0,1,1,0,0.13739444137806797,8.114567032796396e-05,0.0005946753643509715
WP271968,ORA,1968,6,7,0,0.0,0,0,0.0,0.0,0.0,1,1,0,0.1463148863695836,9.432787196258027e-05,0.0006981821904805715
