storm_id,storm_name,year,t,n_track_points_used,n_failed_lines_cumulative,failed_line_share_cumulative,n_failed_lines_new,n_unserved_buses,unserved_bus_share,affected_population_proxy,affected_population_share_proxy,n_components,n_served_components,n_unserved_components,max_line_hazard_this_step,mean_line_p_fail_this_step,max_line_p_fail_this_step
WP051992,ELI,1992,0,1,0,0.0,0,0,0.0,0.0,0.0,1,1,0,0.0,5.017216468376421e-05,5.0172164683764205e-05
WP051992,ELI,1992,1,2,0,0.0,0,0,0.0,0.0,0.0,1,1,0,0.0,5.017216468376421e-05,5.0172164683764205e-05
WP051992,ELI,1992,2,3,0,0.0,0,0,0.0,0.0,0.0,1,1,0,0.03637084392498326,5.036869246495547e-05,9.655272104490021e-05
WP051992,ELI,1992,3,4,0,0.0,0,0,0.0,0.0,0.0,1,1,0,0.08580970126466904,6.983741424506504e-05,0.00023506218376652933
WP051992,ELI,1992,4,5,0,0.0,0,0,0.0,0.0,0.0,1,1,0,0.38186097413188363,0.003088952404176809,0.0462428392497653
WP051992,ELI,1992,5,6,1,0.00423728813559322,1,0,0.0,0.0,0.0,2,2,0,0.38186097413188363,0.003088952404176809,0.0462428392497653
WP051992,ELI,1992,6,7,3,0.012711864406779662,2,0,0.0,0.0,0.0,3,3,0,0.38186097413188363,0.003088952404176809,0.0462428392497653
