storm_id,storm_name,year,t,n_track_points_used,n_failed_lines_cumulative,failed_line_share_cumulative,n_unserved_buses,unserved_bus_share,affected_population_proxy,affected_population_share_proxy,n_components,max_line_hazard_this_step
WP181996,NIKI,1996,0,1,0,0.0,0,0.0,0.0,0.0,1,0.0
WP181996,NIKI,1996,1,2,0,0.0,0,0.0,0.0,0.0,1,0.0
WP181996,NIKI,1996,2,3,0,0.0,0,0.0,0.0,0.0,1,0.0
WP181996,NIKI,1996,3,4,0,0.0,0,0.0,0.0,0.0,1,0.0
WP181996,NIKI,1996,4,5,0,0.0,0,0.0,0.0,0.0,1,0.0495942811559604
WP181996,NIKI,1996,5,6,0,0.0,0,0.0,0.0,0.0,1,0.3484569529919272
WP181996,NIKI,1996,6,7,0,0.0,0,0.0,0.0,0.0,1,0.3484569529919272
WP181996,NIKI,1996,7,8,0,0.0,0,0.0,0.0,0.0,1,0.3484569529919272
WP181996,NIKI,1996,8,9,0,0.0,0,0.0,0.0,0.0,1,0.3484569529919272
