storm_id,storm_name,year,t,n_track_points_used,n_failed_lines_cumulative,failed_line_share_cumulative,n_failed_lines_new,n_unserved_buses,unserved_bus_share,affected_population_proxy,affected_population_share_proxy,n_components,n_served_components,n_unserved_components,max_line_hazard_this_step,mean_line_p_fail_this_step,max_line_p_fail_this_step
WP101946,OPAL,1946,0,1,0,0.0,0,0,0.0,0.0,0.0,1,1,0,0.0,5.017216468376421e-05,5.0172164683764205e-05
WP101946,OPAL,1946,1,2,0,0.0,0,0,0.0,0.0,0.0,1,1,0,0.0,5.017216468376421e-05,5.0172164683764205e-05
WP101946,OPAL,1946,2,3,0,0.0,0,0,0.0,0.0,0.0,1,1,0,0.06816453104227103,5.395851098673744e-05,0.00017110903639744204
WP101946,OPAL,1946,3,4,0,0.0,0,0,0.0,0.0,0.0,1,1,0,0.06816453104227103,5.610917457517631e-05,0.00017110903639744204
WP101946,OPAL,1946,4,5,1,0.00423728813559322,1,0,0.0,0.0,0.0,2,2,0,0.4676397769080358,0.0034461778026234676,0.18505251654811153
WP101946,OPAL,1946,5,6,1,0.00423728813559322,0,0,0.0,0.0,0.0,2,2,0,0.4676397769080358,0.0034476701223349446,0.18505251654811153
WP101946,OPAL,1946,6,7,1,0.00423728813559322,0,0,0.0,0.0,0.0,2,2,0,0.4676397769080358,0.0034476701223349446,0.18505251654811153
WP101946,OPAL,1946,7,8,3,0.012711864406779662,2,4,0.020833333333333332,5056686.14024961,0.032717646801349934,4,2,2,0.4676397769080358,0.0034476701223349446,0.18505251654811153
