storm_id,storm_name,year,t,n_track_points_used,n_failed_lines_cumulative,failed_line_share_cumulative,n_failed_lines_new,n_unserved_buses,unserved_bus_share,affected_population_proxy,affected_population_share_proxy,n_components,n_served_components,n_unserved_components,max_line_hazard_this_step,mean_line_p_fail_this_step,max_line_p_fail_this_step
WP331971,HESTER,1971,0,1,0,0.0,0,0,0.0,0.0,0.0,1,1,0,0.04240300122739236,5.1778830297461446e-05,0.00010762542900361978
WP331971,HESTER,1971,1,2,0,0.0,0,0,0.0,0.0,0.0,1,1,0,0.28680753480774707,0.00011141944190874759,0.008684746636187112
WP331971,HESTER,1971,2,3,0,0.0,0,0,0.0,0.0,0.0,1,1,0,0.28680753480774707,0.0002150607368648416,0.008684746636187112
WP331971,HESTER,1971,3,4,0,0.0,0,0,0.0,0.0,0.0,1,1,0,0.28680753480774707,0.00022226339695903942,0.008684746636187112
WP331971,HESTER,1971,4,5,0,0.0,0,0,0.0,0.0,0.0,1,1,0,0.28680753480774707,0.00022226339695903942,0.008684746636187112
WP331971,HESTER,1971,5,6,0,0.0,0,0,0.0,0.0,0.0,1,1,0,0.28680753480774707,0.00022226339695903942,0.008684746636187112
WP331971,HESTER,1971,6,7,0,0.0,0,0,0.0,0.0,0.0,1,1,0,0.28680753480774707,0.00022226339695903942,0.008684746636187112
WP331971,HESTER,1971,7,8,1,0.00423728813559322,1,0,0.0,0.0,0.0,2,2,0,0.28680753480774707,0.00022226339695903942,0.008684746636187112
