storm_id,storm_name,year,t,n_track_points_used,n_failed_lines_cumulative,failed_line_share_cumulative,n_failed_lines_new,n_unserved_buses,unserved_bus_share,affected_population_proxy,affected_population_share_proxy,n_components,n_served_components,n_unserved_components,max_line_hazard_this_step,mean_line_p_fail_this_step,max_line_p_fail_this_step
WP111959,LOUISE,1959,0,1,0,0.0,0,0,0.0,0.0,0.0,1,1,0,0.0,5.017216468376421e-05,5.0172164683764205e-05
WP111959,LOUISE,1959,1,2,0,0.0,0,0,0.0,0.0,0.0,1,1,0,0.0,5.017216468376421e-05,5.0172164683764205e-05
WP111959,LOUISE,1959,2,3,1,0.00423728813559322,1,1,0.005208333333333333,807482.2736565471,0.00522455202777165,2,1,1,0.0,5.017216468376421e-05,5.0172164683764205e-05
WP111959,LOUISE,1959,3,4,1,0.00423728813559322,0,1,0.005208333333333333,807482.2736565471,0.00522455202777165,2,1,1,0.0,5.017216468376421e-05,5.0172164683764205e-05
WP111959,LOUISE,1959,4,5,1,0.00423728813559322,0,1,0.005208333333333333,807482.2736565471,0.00522455202777165,2,1,1,0.0,5.017216468376421e-05,5.0172164683764205e-05
WP111959,LOUISE,1959,5,6,1,0.00423728813559322,0,1,0.005208333333333333,807482.2736565471,0.00522455202777165,2,1,1,0.0,5.017216468376421e-05,5.0172164683764205e-05
