storm_id,storm_name,year,t,n_track_points_used,n_failed_lines_cumulative,failed_line_share_cumulative,n_failed_lines_new,n_unserved_buses,unserved_bus_share,affected_population_proxy,affected_population_share_proxy,n_components,n_served_components,n_unserved_components,max_line_hazard_this_step,mean_line_p_fail_this_step,max_line_p_fail_this_step
WP061972,ORA,1972,0,1,0,0.0,0,0,0.0,0.0,0.0,1,1,0,0.0,5.017216468376421e-05,5.0172164683764205e-05
WP061972,ORA,1972,1,2,0,0.0,0,0,0.0,0.0,0.0,1,1,0,0.0723047262302306,5.477512597351051e-05,0.00018434541767211587
WP061972,ORA,1972,2,3,0,0.0,0,0,0.0,0.0,0.0,1,1,0,0.14166021024522613,6.290477023611224e-05,0.0006421051215506503
WP061972,ORA,1972,3,4,0,0.0,0,0,0.0,0.0,0.0,1,1,0,0.3818086865808876,0.0013254412275363035,0.04620134693683132
WP061972,ORA,1972,4,5,1,0.00423728813559322,1,0,0.0,0.0,0.0,2,2,0,0.3818086865808876,0.0022757379375796154,0.04620134693683132
WP061972,ORA,1972,5,6,1,0.00423728813559322,0,0,0.0,0.0,0.0,2,2,0,0.3818086865808876,0.0024792797477644116,0.04620134693683132
WP061972,ORA,1972,6,7,2,0.00847457627118644,1,0,0.0,0.0,0.0,2,2,0,0.3818086865808876,0.0024792938123875275,0.04620134693683132
WP061972,ORA,1972,7,8,4,0.01694915254237288,2,1,0.005208333333333333,2002189.310442448,0.012954516232890184,3,2,1,0.3818086865808876,0.0024792938123875275,0.04620134693683132
