storm_id,storm_name,year,t,n_track_points_used,n_failed_lines_cumulative,failed_line_share_cumulative,n_unserved_buses,unserved_bus_share,affected_population_proxy,affected_population_share_proxy,n_components,max_line_hazard_this_step
WP271990,MIKE,1990,0,1,0,0.0,0,0.0,0.0,0.0,1,0.0
WP271990,MIKE,1990,1,2,0,0.0,0,0.0,0.0,0.0,1,0.1917988213874894
WP271990,MIKE,1990,2,3,2,0.00847457627118644,1,0.005208333333333333,1181213.9329824448,0.007642661455402365,3,0.7043133810782571
WP271990,MIKE,1990,3,4,6,0.025423728813559324,2,0.010416666666666666,1599812.7754278183,0.010351069432233139,6,0.7043133810782571
WP271990,MIKE,1990,4,5,6,0.025423728813559324,2,0.010416666666666666,1599812.7754278183,0.010351069432233139,6,0.7043133810782571
WP271990,MIKE,1990,5,6,6,0.025423728813559324,2,0.010416666666666666,1599812.7754278183,0.010351069432233139,6,0.7043133810782571
WP271990,MIKE,1990,6,7,6,0.025423728813559324,2,0.010416666666666666,1599812.7754278183,0.010351069432233139,6,0.7043133810782571
WP271990,MIKE,1990,7,8,6,0.025423728813559324,2,0.010416666666666666,1599812.7754278183,0.010351069432233139,6,0.7043133810782571
