storm_id,storm_name,year,t,n_track_points_used,n_failed_lines_cumulative,failed_line_share_cumulative,n_failed_lines_new,n_unserved_buses,unserved_bus_share,affected_population_proxy,affected_population_share_proxy,n_components,n_served_components,n_unserved_components,max_line_hazard_this_step,mean_line_p_fail_this_step,max_line_p_fail_this_step
WP271964,CLARA,1964,0,1,0,0.0,0,0,0.0,0.0,0.0,1,1,0,0.0,5.017216468376421e-05,5.0172164683764205e-05
WP271964,CLARA,1964,1,2,0,0.0,0,0,0.0,0.0,0.0,1,1,0,0.0,5.017216468376421e-05,5.0172164683764205e-05
WP271964,CLARA,1964,2,3,0,0.0,0,0,0.0,0.0,0.0,1,1,0,0.0,5.017216468376421e-05,5.0172164683764205e-05
WP271964,CLARA,1964,3,4,0,0.0,0,0,0.0,0.0,0.0,1,1,0,0.042308307327375096,5.06575036140735e-05,0.00010744215846025932
WP271964,CLARA,1964,4,5,0,0.0,0,0,0.0,0.0,0.0,1,1,0,0.14317112126021758,7.448409195298728e-05,0.0006597960201461583
WP271964,CLARA,1964,5,6,1,0.00423728813559322,1,0,0.0,0.0,0.0,1,1,0,0.38046115608004444,0.002025778751550709,0.04514417124091606
WP271964,CLARA,1964,6,7,1,0.00423728813559322,0,0,0.0,0.0,0.0,1,1,0,0.38046115608004444,0.002025778751550709,0.04514417124091606
WP271964,CLARA,1964,7,8,1,0.00423728813559322,0,0,0.0,0.0,0.0,1,1,0,0.38046115608004444,0.002025778751550709,0.04514417124091606
WP271964,CLARA,1964,8,9,1,0.00423728813559322,0,0,0.0,0.0,0.0,1,1,0,0.38046115608004444,0.002025778751550709,0.04514417124091606
