storm_id,storm_name,year,t,n_track_points_used,n_failed_lines_cumulative,failed_line_share_cumulative,n_failed_lines_new,n_unserved_buses,unserved_bus_share,affected_population_proxy,affected_population_share_proxy,n_components,n_served_components,n_unserved_components,max_line_hazard_this_step,mean_line_p_fail_this_step,max_line_p_fail_this_step
WP281962,LUCY,1962,0,1,0,0.0,0,0,0.0,0.0,0.0,1,1,0,0.04748830454526753,5.180344402291862e-05,0.00011794071607902347
WP281962,LUCY,1962,1,2,0,0.0,0,0,0.0,0.0,0.0,1,1,0,0.1822466324634179,6.498223304224171e-05,0.0013322397326232356
WP281962,LUCY,1962,2,3,1,0.00423728813559322,1,1,0.005208333333333333,1231223.0738034248,0.00796622937337068,2,1,1,0.37727549191571214,0.000985282589930716,0.04273585328169038
WP281962,LUCY,1962,3,4,2,0.00847457627118644,1,3,0.015625,2164022.0039277077,0.01400160216219417,3,1,2,0.38149285307641556,0.002934416755893397,0.045951472453546756
WP281962,LUCY,1962,4,5,3,0.012711864406779662,1,4,0.020833333333333332,3345235.9369101524,0.021644263617596537,4,1,3,0.38149285307641556,0.002934416755893397,0.045951472453546756
WP281962,LUCY,1962,5,6,3,0.012711864406779662,0,4,0.020833333333333332,3345235.9369101524,0.021644263617596537,4,1,3,0.38149285307641556,0.002934416755893397,0.045951472453546756
WP281962,LUCY,1962,6,7,3,0.012711864406779662,0,4,0.020833333333333332,3345235.9369101524,0.021644263617596537,4,1,3,0.38149285307641556,0.002934416755893397,0.045951472453546756
WP281962,LUCY,1962,7,8,4,0.01694915254237288,1,5,0.026041666666666668,3775600.3502659798,0.024428796903135014,5,1,4,0.38149285307641556,0.002934416755893397,0.045951472453546756
