storm_id,storm_name,year,t,n_track_points_used,n_failed_lines_cumulative,failed_line_share_cumulative,n_failed_lines_new,n_unserved_buses,unserved_bus_share,affected_population_proxy,affected_population_share_proxy,n_components,n_served_components,n_unserved_components,max_line_hazard_this_step,mean_line_p_fail_this_step,max_line_p_fail_this_step
WP181996,NIKI,1996,0,1,0,0.0,0,0,0.0,0.0,0.0,1,1,0,0.0,5.017216468376421e-05,5.0172164683764205e-05
WP181996,NIKI,1996,1,2,0,0.0,0,0,0.0,0.0,0.0,1,1,0,0.0,5.017216468376421e-05,5.0172164683764205e-05
WP181996,NIKI,1996,2,3,0,0.0,0,0,0.0,0.0,0.0,1,1,0,0.0,5.017216468376421e-05,5.0172164683764205e-05
WP181996,NIKI,1996,3,4,0,0.0,0,0,0.0,0.0,0.0,1,1,0,0.0,5.017216468376421e-05,5.0172164683764205e-05
WP181996,NIKI,1996,4,5,0,0.0,0,0,0.0,0.0,0.0,1,1,0,0.0495942811559604,5.1392196468096544e-05,0.0001224968253872465
WP181996,NIKI,1996,5,6,0,0.0,0,0,0.0,0.0,0.0,1,1,0,0.3484569529919272,0.00027012890647806396,0.02588729138246766
WP181996,NIKI,1996,6,7,0,0.0,0,0,0.0,0.0,0.0,1,1,0,0.3484569529919272,0.0003294205740415459,0.02588729138246766
WP181996,NIKI,1996,7,8,0,0.0,0,0,0.0,0.0,0.0,1,1,0,0.3484569529919272,0.0003294205740415459,0.02588729138246766
WP181996,NIKI,1996,8,9,0,0.0,0,0,0.0,0.0,0.0,1,1,0,0.3484569529919272,0.0003294205740415459,0.02588729138246766
